Year,Month,District,Rainfall_mm,Dengue_Cases,Temperature,Population_Density,MonthNum,Humidity,Mosquito_Breeding
2016,September,16,589.9,452,30,12270,9,81,1
2019,September,13,84.5,36,31,5860,9,86,0
2017,November,15,359.0,150,25,10390,11,79,0
2015,July,19,179.6,618,32,10191,7,85,1
2016,July,19,418.9,420,32,10191,7,84,0
2011,October,13,394.0,360,26,5860,10,84,1
2017,August,3,256.2,208,30,10734,8,88,1
2018,August,4,339.5,62,30,11265,8,81,0
2016,December,3,498.4,598,22,10734,12,89,1
2013,February,9,499.5,301,24,5466,2,72,1
2023,November,14,507.3,575,26,9426,11,74,1
2015,June,2,193.5,119,31,10578,6,88,1
2022,April,16,206.9,205,32,12270,4,76,0
2011,September,5,490.9,272,28,13322,9,78,0
2018,September,7,562.0,732,30,6685,9,76,1
2010,July,16,405.3,640,29,12270,7,87,0
2010,October,0,568.2,163,28,5769,10,73,1
2017,January,10,170.1,668,22,11949,1,83,1
2014,September,6,113.8,122,27,7433,9,87,1
2023,July,11,315.0,544,31,10311,7,78,1
2010,April,1,299.1,250,29,10051,4,71,1
2011,April,4,130.4,408,32,11265,4,89,0
2010,April,14,358.1,302,31,9426,4,84,1
2023,February,3,34.5,471,20,10734,2,76,0
2022,June,2,448.8,168,29,10578,6,81,0
2017,September,11,251.4,480,29,10311,9,77,1
2015,August,2,19.3,617,30,10578,8,84,1
2012,September,19,394.0,709,28,10191,9,72,1
2014,May,1,391.0,402,33,10051,5,83,1
2022,March,11,329.2,560,27,10311,3,86,1
2020,August,15,186.0,767,30,10390,8,73,0
2010,May,9,247.9,482,33,5466,5,87,1
2020,October,13,62.7,595,28,5860,10,77,1
2014,January,8,184.0,59,18,11420,1,73,0
2019,August,15,145.3,484,30,10390,8,71,0
2015,July,0,354.0,518,32,5769,7,75,1
2022,February,2,424.2,654,22,10578,2,79,0
2019,June,19,85.1,542,33,10191,6,73,1
2016,December,5,598.7,413,20,13322,12,87,0
2020,July,12,95.6,100,29,6184,7,81,0
2023,October,2,325.1,374,28,10578,10,71,1
2019,September,11,240.3,578,27,10311,9,79,0
2017,March,13,211.1,721,27,5860,3,73,0
2017,June,2,186.4,519,30,10578,6,83,0
2021,December,1,582.6,190,21,10051,12,85,0
2021,March,14,29.7,415,24,9426,3,84,0
2010,September,19,474.4,146,28,10191,9,77,0
2020,February,8,312.5,24,24,11420,2,83,1
2013,September,4,445.7,151,28,11265,9,77,1
2021,June,13,289.0,137,32,5860,6,85,0
2011,October,11,312.9,172,28,10311,10,82,1
2014,December,12,74.1,175,23,6184,12,87,1
2023,August,11,316.7,627,31,10311,8,84,1
2022,November,3,599.5,356,27,10734,11,82,0
2014,November,15,401.4,156,25,10390,11,78,1
2014,April,0,75.1,367,28,5769,4,84,0
2020,December,1,472.1,218,23,10051,12,82,1
2019,November,13,562.2,98,24,5860,11,70,0
2021,June,15,588.5,535,32,10390,6,76,0
2014,January,4,567.9,550,19,11265,1,78,1
2012,February,17,217.3,487,21,9555,2,70,1
2011,June,6,305.3,405,32,7433,6,81,0
2010,January,11,161.5,86,22,10311,1,77,1
2015,December,2,583.2,653,21,10578,12,80,1
2015,April,8,449.3,155,29,11420,4,88,1
2014,September,10,240.0,403,30,11949,9,86,0
2014,April,13,523.2,488,29,5860,4,77,0
2014,May,15,292.3,522,31,10390,5,72,1
2022,September,1,299.1,654,30,10051,9,72,1
2023,October,4,519.0,60,28,11265,10,70,1
2017,April,13,83.7,31,28,5860,4,74,0
2010,January,3,209.6,176,22,10734,1,79,0
2021,July,7,279.6,433,32,6685,7,76,1
2019,October,11,568.5,280,26,10311,10,78,1
2021,February,10,331.1,529,24,11949,2,76,1
2019,January,15,152.2,759,19,10390,1,78,1
2016,June,19,343.0,89,29,10191,6,77,1
2020,September,15,144.0,149,30,10390,9,81,1
2014,June,19,446.6,132,32,10191,6,71,0
2016,August,10,568.0,420,31,11949,8,70,1
2012,February,6,255.7,557,24,7433,2,85,0
2013,April,5,544.9,764,28,13322,4,74,1
2022,June,15,407.7,323,33,10390,6,72,1
2014,July,4,488.3,695,32,11265,7,81,0
2016,February,3,274.6,712,20,10734,2,77,0
2020,January,1,314.5,24,18,10051,1,72,0
2022,June,14,56.5,369,29,9426,6,70,0
2012,June,5,127.6,394,29,13322,6,72,1
2018,December,18,288.7,256,23,8385,12,74,0
2014,June,13,32.0,659,31,5860,6,84,1
2021,May,9,404.6,7,32,5466,5,83,0
2017,March,7,340.0,693,24,6685,3,72,1
2010,October,18,457.2,336,27,8385,10,70,1
2010,December,1,537.4,152,22,10051,12,74,1
2018,August,10,86.5,536,28,11949,8,83,1
2017,March,19,436.9,291,26,10191,3,76,1
2014,January,5,372.8,606,22,13322,1,78,1
2015,August,16,450.6,311,29,12270,8,84,0
2023,May,13,222.9,545,31,5860,5,84,1
2017,December,11,470.7,114,20,10311,12,79,0
2019,May,10,321.4,624,33,11949,5,82,0
2017,May,15,126.6,487,30,10390,5,88,1
2019,April,10,376.3,387,31,11949,4,76,0
2014,October,10,60.3,791,26,11949,10,86,1
2018,September,2,500.1,270,27,10578,9,89,0
2011,January,12,207.1,760,22,6184,1,73,1
2018,January,10,319.0,391,20,11949,1,74,0
2021,October,6,115.0,623,28,7433,10,76,1
2022,October,6,373.3,559,27,7433,10,82,1
2018,January,0,157.5,783,20,5769,1,84,1
2013,August,7,292.6,630,28,6685,8,80,1
2011,August,9,463.8,506,30,5466,8,73,0
2010,November,17,310.9,30,27,9555,11,82,1
2012,March,17,450.6,14,26,9555,3,76,0
2022,February,9,157.4,40,20,5466,2,88,0
2014,June,0,564.0,38,33,5769,6,71,0
2013,April,3,376.1,368,29,10734,4,79,1
2015,October,8,419.2,319,27,11420,10,82,0
2012,March,4,547.2,679,24,11265,3,75,0
2018,June,3,120.5,537,30,10734,6,81,0
2018,October,19,306.5,345,26,10191,10,81,1
2023,April,9,332.4,309,31,5466,4,89,1
2022,June,5,48.2,151,33,13322,6,80,0
2015,March,0,72.1,528,26,5769,3,76,1
2020,June,16,183.6,183,29,12270,6,70,1
2018,February,18,144.1,6,23,8385,2,70,0
2020,October,17,481.2,126,29,9555,10,89,0
2010,October,15,589.6,334,28,10390,10,82,1
2015,April,9,22.6,289,32,5466,4,78,0
2012,July,18,492.6,625,32,8385,7,72,1
2019,December,1,121.9,473,22,10051,12,76,1
2015,July,18,183.4,793,32,8385,7,75,1
2021,January,17,425.7,374,21,9555,1,77,1
2023,January,12,243.4,193,22,6184,1,78,1
2013,June,4,585.8,744,31,11265,6,74,1
2010,December,0,527.5,291,22,5769,12,70,0
2011,December,18,489.4,501,23,8385,12,88,0
2012,September,19,484.6,112,28,10191,9,79,1
2023,September,3,163.7,605,28,10734,9,81,1
2020,July,17,583.9,355,32,9555,7,84,1
2023,July,10,188.0,131,28,11949,7,78,0
2014,November,15,302.0,468,27,10390,11,89,1
2011,December,12,272.6,442,23,6184,12,86,0
2020,August,13,489.0,543,31,5860,8,86,1
2021,April,13,530.9,164,31,5860,4,89,1
2023,December,15,307.1,733,23,10390,12,81,0
2012,January,13,405.8,701,21,5860,1,76,0
2012,December,18,63.1,232,22,8385,12,71,1
2015,April,18,170.5,192,29,8385,4,72,1
2021,August,17,229.6,599,31,9555,8,86,1
2023,February,6,395.8,82,20,7433,2,74,0
2022,May,12,154.8,82,30,6184,5,86,0
2016,October,12,163.2,463,25,6184,10,86,0
2022,August,6,439.6,511,28,7433,8,86,0
2018,January,1,441.4,479,20,10051,1,71,0
2010,February,13,256.6,247,20,5860,2,71,0
2014,November,14,40.3,769,26,9426,11,74,1
2022,September,15,379.0,183,31,10390,9,70,1
2013,December,8,406.9,554,20,11420,12,70,0
2013,November,11,402.5,144,25,10311,11,88,1
2018,July,7,377.0,177,30,6685,7,71,1
2022,January,2,574.8,795,18,10578,1,81,0
2014,February,2,171.6,360,24,10578,2,75,1
2018,December,11,508.5,247,20,10311,12,73,0
2011,May,2,206.6,163,32,10578,5,80,0
2015,June,5,330.2,186,30,13322,6,86,1
2012,July,6,518.9,614,31,7433,7,75,0
2013,May,5,131.2,541,32,13322,5,74,0
2020,February,15,163.7,253,20,10390,2,89,0
2018,January,12,49.1,349,21,6184,1,71,0
2012,September,0,271.8,195,27,5769,9,75,0
2018,January,8,460.8,662,18,11420,1,80,0
2023,September,9,188.5,703,28,5466,9,85,0
2021,August,4,290.9,509,31,11265,8,85,0
2014,August,13,15.9,154,31,5860,8,70,1
2022,December,8,401.2,483,21,11420,12,78,1
2023,July,2,443.7,114,30,10578,7,75,1
2015,September,12,481.8,224,27,6184,9,85,0
2022,September,12,126.7,100,31,6184,9,72,0
2022,October,4,86.6,567,25,11265,10,89,1
2011,July,0,428.0,267,28,5769,7,73,1
2010,December,17,508.2,686,22,9555,12,88,1
2018,April,1,26.1,269,28,10051,4,72,0
2014,May,10,404.1,107,31,11949,5,88,1
2011,December,4,126.3,699,21,11265,12,89,1
2021,March,1,470.8,758,27,10051,3,76,0
2018,February,5,388.4,783,24,13322,2,89,1
2011,March,11,363.5,493,24,10311,3,78,0
2011,January,0,82.9,693,18,5769,1,70,0
2011,December,17,140.9,272,22,9555,12,77,0
2016,July,0,251.0,715,29,5769,7,76,1
2021,February,16,390.2,667,24,12270,2,87,1
2019,July,11,423.8,94,31,10311,7,77,0
2014,February,8,125.7,60,21,11420,2,70,1
2015,May,6,56.8,468,33,7433,5,80,1
2019,November,19,455.2,761,25,10191,11,87,1
2013,January,4,139.9,39,20,11265,1,79,1
2011,July,3,334.2,23,28,10734,7,72,0
2015,March,11,103.0,559,28,10311,3,76,1
2016,May,14,435.1,372,33,9426,5,85,0
2014,September,18,267.0,408,28,8385,9,85,0
2010,January,5,91.9,281,20,13322,1,89,1
2023,June,0,575.9,463,29,5769,6,86,0
2021,June,15,381.1,493,29,10390,6,71,1
2019,August,8,482.8,188,31,11420,8,70,1
2016,February,11,550.3,484,22,10311,2,85,0
2023,November,11,432.3,580,27,10311,11,81,0
2018,April,11,44.7,764,30,10311,4,74,0
2017,June,1,504.2,313,32,10051,6,74,0
2015,July,14,536.7,134,31,9426,7,78,1
2013,April,16,425.7,542,30,12270,4,78,1
2016,December,10,52.6,240,23,11949,12,72,1
2021,April,3,14.1,170,30,10734,4,88,0
2017,April,1,183.0,687,29,10051,4,85,0
2017,December,1,282.3,488,22,10051,12,85,0
2012,November,14,284.4,8,25,9426,11,72,1
2023,May,10,380.3,722,33,11949,5,89,0
2010,April,3,103.9,86,31,10734,4,70,1
2016,November,2,408.3,62,23,10578,11,89,0
2014,February,11,244.0,107,20,10311,2,80,1
2013,May,7,540.9,444,31,6685,5,86,1
2019,January,19,61.5,719,18,10191,1,77,0
2014,April,19,438.9,263,30,10191,4,73,0
2013,November,19,278.1,474,26,10191,11,75,1
2022,March,11,532.8,343,24,10311,3,77,1
2023,February,12,480.6,47,20,6184,2,89,0
2018,March,2,58.7,45,25,10578,3,72,0
2023,July,0,472.6,72,29,5769,7,85,1
2021,February,13,512.9,207,22,5860,2,72,0
2012,April,5,387.2,258,31,13322,4,87,1
2016,July,14,446.5,279,29,9426,7,83,1
2021,July,10,271.7,691,28,11949,7,87,0
2018,August,9,349.7,158,31,5466,8,71,0
2014,September,2,157.5,292,30,10578,9,72,0
2016,September,6,523.7,678,27,7433,9,85,0
2022,August,3,574.7,507,29,10734,8,78,0
2014,November,6,590.6,18,23,7433,11,73,1
2013,December,19,341.6,21,23,10191,12,70,1
2020,August,11,582.2,250,32,10311,8,73,0
2018,January,10,395.7,628,22,11949,1,70,0
2013,September,11,354.6,613,29,10311,9,83,0
2011,November,8,439.4,342,23,11420,11,85,1
2010,April,14,407.4,407,28,9426,4,89,0
2020,June,13,210.2,201,31,5860,6,77,0
2011,October,19,174.3,46,27,10191,10,76,1
2018,February,1,273.1,667,22,10051,2,72,1
2014,November,13,241.3,699,26,5860,11,86,0
2015,April,13,541.5,293,28,5860,4,70,0
2013,July,6,244.8,491,31,7433,7,85,0
2012,November,14,598.1,318,25,9426,11,81,1
2017,September,2,219.9,319,27,10578,9,88,0
2023,August,8,230.3,619,31,11420,8,83,0
2014,February,5,223.6,299,23,13322,2,75,0
2010,January,6,328.1,686,20,7433,1,75,1
2018,January,10,493.1,717,18,11949,1,82,1
2017,January,0,379.8,568,20,5769,1,88,0
2021,May,14,144.9,336,30,9426,5,77,0
2011,February,2,500.3,269,24,10578,2,71,1
2017,September,6,139.1,300,28,7433,9,70,1
2013,March,18,547.3,383,25,8385,3,84,1
2023,March,0,110.7,380,25,5769,3,70,1
2020,February,12,132.8,239,22,6184,2,74,1
2020,July,15,577.7,501,32,10390,7,85,1
2011,March,4,431.4,718,24,11265,3,88,1
2014,November,17,183.7,135,26,9555,11,73,1
2021,February,13,287.8,393,20,5860,2,72,1
2022,August,19,397.1,514,31,10191,8,86,0
2012,April,5,250.0,97,28,13322,4,86,0
2018,January,18,329.6,596,22,8385,1,81,0
2023,July,17,244.7,382,31,9555,7,83,1
2022,February,5,291.4,81,22,13322,2,75,0
2016,March,11,64.5,701,24,10311,3,72,1
2021,November,5,557.2,358,23,13322,11,78,1
2013,March,16,163.7,231,27,12270,3,74,0
2011,April,9,408.4,74,30,5466,4,86,1
2021,March,17,541.7,592,26,9555,3,83,0
2023,October,15,215.5,507,29,10390,10,72,0
2019,October,16,123.5,11,27,12270,10,70,0
2017,June,11,169.7,376,31,10311,6,89,1
2015,March,2,400.0,529,26,10578,3,70,0
2016,September,0,248.1,549,28,5769,9,72,1
2021,July,19,385.9,143,32,10191,7,87,0
2020,December,16,96.4,526,20,12270,12,79,0
2015,June,12,297.8,257,32,6184,6,72,0
2022,March,15,467.8,295,24,10390,3,77,1
2014,May,12,74.7,660,34,6184,5,83,1
2023,November,3,484.1,364,26,10734,11,87,1
2013,January,1,557.3,414,22,10051,1,84,0
2015,September,13,437.3,574,29,5860,9,71,0
2019,August,1,317.1,19,31,10051,8,79,1
2019,May,11,508.1,118,32,10311,5,71,1
2018,May,10,105.7,90,30,11949,5,86,1
2021,April,10,451.9,244,28,11949,4,77,1
2020,March,4,524.4,188,27,11265,3,70,1
2018,April,2,422.7,200,31,10578,4,78,1
2014,August,8,215.1,282,32,11420,8,80,0
2019,January,13,86.0,180,22,5860,1,85,1
2015,January,0,572.3,712,20,5769,1,76,0
2017,June,4,564.9,67,32,11265,6,79,0
2021,July,1,487.6,563,28,10051,7,72,1
2020,May,3,69.6,570,34,10734,5,87,1
2011,September,11,100.7,312,31,10311,9,82,0
2011,September,1,560.4,660,27,10051,9,76,1
2014,February,18,110.9,350,24,8385,2,73,1
2022,August,17,96.3,371,30,9555,8,82,0
2020,January,11,188.0,106,21,10311,1,89,0
2015,March,9,22.9,287,24,5466,3,70,0
2017,July,11,588.9,325,31,10311,7,77,1
2015,December,1,358.7,662,24,10051,12,83,0
2011,July,16,129.8,228,32,12270,7,85,1
2019,October,12,562.0,572,25,6184,10,83,0
2013,April,1,494.6,175,30,10051,4,81,0
2021,March,8,393.5,44,25,11420,3,88,0
2014,January,1,279.2,515,18,10051,1,84,1
2011,November,12,203.0,254,24,6184,11,71,1
2016,March,1,513.8,319,25,10051,3,71,0
2021,August,14,291.2,377,30,9426,8,88,0
2010,May,16,590.1,235,31,12270,5,86,0
2014,July,6,366.3,520,29,7433,7,89,1
2021,August,15,154.4,522,30,10390,8,79,0
2022,July,2,55.2,337,29,10578,7,75,1
2015,February,2,207.0,710,21,10578,2,84,0
2020,November,11,460.0,188,24,10311,11,80,0
2011,September,16,205.7,462,27,12270,9,74,0
2018,May,11,66.1,495,30,10311,5,70,0
2020,July,15,532.6,58,28,10390,7,77,0
2013,April,5,587.5,718,30,13322,4,81,0
2015,June,4,361.6,712,33,11265,6,81,1
2013,June,0,96.5,401,30,5769,6,74,0
2012,June,15,489.9,708,30,10390,6,76,1
2017,January,12,270.3,127,20,6184,1,73,0
2017,March,8,497.0,499,25,11420,3,75,0
2012,July,18,23.7,397,28,8385,7,82,1
2014,November,18,361.5,432,27,8385,11,89,0
2015,April,2,113.1,765,31,10578,4,84,1
2022,November,19,173.3,587,24,10191,11,72,1
2021,October,14,319.0,726,25,9426,10,77,0
2011,April,17,373.6,787,31,9555,4,89,1
2021,May,1,344.5,110,34,10051,5,85,1
2013,October,6,78.4,1,28,7433,10,82,0
2016,March,6,335.1,773,24,7433,3,87,1
2016,September,3,531.8,308,30,10734,9,79,0
2022,January,10,514.4,667,20,11949,1,88,0
2019,March,10,554.1,438,27,11949,3,86,0
2020,June,8,194.5,612,30,11420,6,88,0
2014,March,9,427.6,221,25,5466,3,74,1
2014,May,16,255.0,105,32,12270,5,78,0
2021,December,3,387.1,96,20,10734,12,81,0
2014,May,11,110.4,799,31,10311,5,70,1
2011,October,3,137.7,697,29,10734,10,70,0
2013,February,8,430.8,369,21,11420,2,84,0
2012,January,5,561.5,19,19,13322,1,71,1
2012,February,16,70.1,169,20,12270,2,85,1
2017,December,18,392.4,561,23,8385,12,77,1
2021,January,8,85.9,78,19,11420,1,82,1
2017,November,2,556.0,313,25,10578,11,70,1
2010,December,4,408.0,560,23,11265,12,85,1
2018,September,9,531.6,717,31,5466,9,76,1
2012,December,15,113.3,587,20,10390,12,74,0
2015,June,6,155.4,204,33,7433,6,72,1
2017,September,4,165.7,243,30,11265,9,81,1
2022,September,13,386.5,193,30,5860,9,85,1
2010,February,4,205.2,6,23,11265,2,88,0
2016,May,4,248.6,671,34,11265,5,74,0
2023,December,2,202.9,726,23,10578,12,83,1
2015,February,18,59.8,601,24,8385,2,74,1
2023,November,8,573.2,646,26,11420,11,84,1
2018,April,0,146.3,538,30,5769,4,86,0
2018,October,8,97.3,183,28,11420,10,83,0
2016,October,8,370.3,172,29,11420,10,89,1
2010,June,0,439.9,778,30,5769,6,74,0
2023,April,10,550.1,145,31,11949,4,81,1
2013,November,6,325.5,195,24,7433,11,85,0
2011,July,9,191.8,380,30,5466,7,85,0
2017,March,11,331.8,354,24,10311,3,76,1
2017,September,10,46.8,627,29,11949,9,73,1
2013,June,16,392.2,568,32,12270,6,70,1
2013,November,2,206.3,698,24,10578,11,74,1
2018,May,15,461.2,214,31,10390,5,79,0
2012,March,0,124.7,123,28,5769,3,74,0
2014,July,8,19.6,455,29,11420,7,73,0
2020,April,2,564.6,221,32,10578,4,71,1
2012,February,15,583.1,692,20,10390,2,89,0
2013,December,3,430.8,90,23,10734,12,79,1
2011,March,7,444.1,507,28,6685,3,88,0
2023,November,6,57.4,588,23,7433,11,70,1
2013,August,11,86.3,569,29,10311,8,74,1
2011,August,7,312.4,61,29,6685,8,82,0
2023,May,8,272.5,94,30,11420,5,73,1
2012,May,6,57.8,429,31,7433,5,85,1
2016,December,15,403.8,264,20,10390,12,85,0
2011,November,11,321.8,208,27,10311,11,71,1
2017,February,7,506.9,96,24,6685,2,86,1
2020,August,1,596.3,487,28,10051,8,89,1
2023,September,8,281.6,241,31,11420,9,81,0
2016,October,7,213.6,171,29,6685,10,87,0
2023,May,16,506.3,782,34,12270,5,72,1
2022,July,6,353.3,705,30,7433,7,70,0
2011,December,15,299.0,736,23,10390,12,70,1
2018,August,1,469.2,238,29,10051,8,88,1
2013,May,10,119.8,503,32,11949,5,80,1
2014,January,0,94.7,770,22,5769,1,74,1
2021,April,4,155.5,718,28,11265,4,81,1
2015,November,7,133.7,515,27,6685,11,72,0
2020,March,2,570.8,55,27,10578,3,70,1
2022,July,12,131.7,742,32,6184,7,70,0
2013,December,18,461.9,246,20,8385,12,77,0
2013,December,1,557.2,254,23,10051,12,79,1
2021,April,19,69.6,474,32,10191,4,80,1
2012,May,4,512.4,546,33,11265,5,81,0
2011,December,8,529.6,167,21,11420,12,82,0
2020,July,16,135.8,362,29,12270,7,81,0
2017,May,10,214.0,668,34,11949,5,83,1
2010,March,7,282.4,234,27,6685,3,71,0
2023,August,10,139.6,632,28,11949,8,88,1
2018,June,17,593.2,61,33,9555,6,87,1
2010,January,18,164.4,565,19,8385,1,72,1
2018,October,8,468.2,303,26,11420,10,86,0
2012,July,6,241.6,269,32,7433,7,77,1
2017,October,7,599.4,205,28,6685,10,79,1
2012,August,3,273.9,558,29,10734,8,71,1
2014,June,5,431.8,64,32,13322,6,88,1
2016,June,2,397.3,306,30,10578,6,78,1
2019,February,10,79.9,283,21,11949,2,76,0
2021,November,3,120.6,380,25,10734,11,73,1
2016,March,7,503.1,132,25,6685,3,87,1
2020,October,13,470.5,67,25,5860,10,82,0
2012,March,17,131.1,597,28,9555,3,80,1
2014,June,8,544.9,667,33,11420,6,73,0
2013,November,1,555.6,631,26,10051,11,73,1
2023,October,11,44.4,699,26,10311,10,79,0
2011,October,19,304.6,13,25,10191,10,74,0
2018,January,9,448.8,592,21,5466,1,78,1
2013,July,13,93.5,178,30,5860,7,72,1
2011,April,12,53.0,767,31,6184,4,86,1
2020,September,19,379.2,512,30,10191,9,72,0
2018,January,2,354.6,466,19,10578,1,85,0
2019,July,3,323.6,459,30,10734,7,73,0
2010,July,10,387.3,26,31,11949,7,87,1
2020,June,0,49.2,245,29,5769,6,86,0
2013,April,16,427.5,580,28,12270,4,76,0
2019,December,7,522.2,6,24,6685,12,74,1
2010,April,18,489.4,94,30,8385,4,81,0
2020,May,10,499.7,174,32,11949,5,86,0
2016,May,13,456.9,243,34,5860,5,82,1
2010,November,15,416.3,20,26,10390,11,72,0
2023,February,8,208.3,342,22,11420,2,78,1
2020,August,12,301.4,794,28,6184,8,86,1
2019,February,5,569.6,221,20,13322,2,86,1
2023,October,2,462.9,531,26,10578,10,89,1
2011,December,11,542.1,97,22,10311,12,85,1
2015,December,9,221.0,502,23,5466,12,82,0
2020,October,17,277.0,231,29,9555,10,88,0
2017,October,7,234.6,730,29,6685,10,86,1
2017,October,4,159.4,126,28,11265,10,73,1
2010,October,3,599.4,385,26,10734,10,81,0
2012,June,19,485.3,786,33,10191,6,78,1
2015,July,4,432.8,63,30,11265,7,88,1
2011,April,3,445.3,385,29,10734,4,81,1
2019,February,12,381.4,494,22,6184,2,78,0
2017,January,11,200.5,561,18,10311,1,76,0
2013,June,17,37.5,50,30,9555,6,83,1
2015,December,0,572.6,199,24,5769,12,89,1
2017,April,5,587.3,203,29,13322,4,88,0
2019,December,18,133.5,563,21,8385,12,84,0
2012,July,1,478.0,172,29,10051,7,85,1
2017,April,9,180.1,435,29,5466,4,74,1
2014,October,18,64.0,343,27,8385,10,72,0
2011,August,5,164.9,155,28,13322,8,81,0
2014,April,1,457.4,120,31,10051,4,89,0
2023,April,2,140.5,155,29,10578,4,73,1
2015,November,14,41.3,85,27,9426,11,85,0
2014,September,4,12.3,126,28,11265,9,76,1
2022,November,11,591.7,709,27,10311,11,82,0
2013,February,1,204.0,511,22,10051,2,79,0
2022,April,3,542.1,697,32,10734,4,76,0
2022,February,0,382.5,294,23,5769,2,83,0
2013,May,6,329.1,413,30,7433,5,74,1
2021,December,19,410.8,792,24,10191,12,72,1
2017,January,5,538.5,527,22,13322,1,80,0
2013,June,13,544.7,309,29,5860,6,80,1
2021,November,10,84.8,289,26,11949,11,87,0
2013,August,19,182.6,561,29,10191,8,84,0
2014,October,12,106.9,175,29,6184,10,81,0
2020,June,3,243.6,81,29,10734,6,78,0
2019,August,14,59.8,367,30,9426,8,79,1
2011,April,7,362.9,225,28,6685,4,81,0
2016,June,9,552.1,311,31,5466,6,86,0
2019,August,2,117.4,516,31,10578,8,75,1
2010,January,3,85.3,694,19,10734,1,76,0
2010,September,3,143.3,409,27,10734,9,83,0
2012,February,18,270.8,143,24,8385,2,82,0
2016,August,6,583.5,93,31,7433,8,77,1
2014,June,3,189.6,758,29,10734,6,79,0
2017,March,8,63.1,316,28,11420,3,78,1
2017,January,4,256.6,566,18,11265,1,87,0
2013,January,16,539.7,733,20,12270,1,71,0
2018,January,13,176.0,156,18,5860,1,74,1
2019,April,8,350.8,697,28,11420,4,74,0
2015,March,2,116.8,731,24,10578,3,75,0
2010,April,8,378.3,322,31,11420,4,88,1
2021,November,8,581.1,471,23,11420,11,77,1
2016,December,12,132.2,161,24,6184,12,85,1
2013,April,16,193.9,641,30,12270,4,82,1
2013,January,15,147.5,699,20,10390,1,70,1
2014,June,17,551.6,20,29,9555,6,89,0
2021,May,0,556.4,425,33,5769,5,86,1
2010,May,18,49.6,309,33,8385,5,76,0
2016,December,12,280.8,325,24,6184,12,82,0
2019,February,14,430.2,378,20,9426,2,73,0
2014,June,15,510.2,339,31,10390,6,73,1
2015,January,7,179.6,236,21,6685,1,75,1
2023,June,3,465.7,363,29,10734,6,88,0
2016,June,7,53.0,138,32,6685,6,81,1
2017,June,3,227.0,292,32,10734,6,76,1
2019,June,19,563.9,594,31,10191,6,79,1
2010,October,6,418.6,60,26,7433,10,88,1
2014,April,13,221.4,341,32,5860,4,76,0
2021,January,17,86.5,785,22,9555,1,72,0
2020,February,12,465.9,548,22,6184,2,82,1
2010,January,15,23.9,351,21,10390,1,82,0
2016,May,9,30.8,313,30,5466,5,87,1
2021,December,6,256.4,325,23,7433,12,89,1
2015,October,2,493.3,337,27,10578,10,77,0
2015,March,16,599.4,695,28,12270,3,78,0
2016,July,15,116.1,595,31,10390,7,76,0
2020,February,14,342.3,321,24,9426,2,70,1
2012,October,12,89.1,774,25,6184,10,72,0
2012,March,9,144.0,255,28,5466,3,82,1
2015,November,3,589.0,702,27,10734,11,86,0
2017,November,13,452.8,456,24,5860,11,70,0
2010,May,12,213.0,495,31,6184,5,75,1
2015,July,19,246.3,331,29,10191,7,75,1
2011,July,10,427.2,317,32,11949,7,81,1
2012,June,18,276.9,633,31,8385,6,82,1
2011,November,5,357.9,599,27,13322,11,82,1
2015,December,0,518.8,504,22,5769,12,84,1
2021,March,6,583.0,544,26,7433,3,85,1
2010,March,7,442.3,501,25,6685,3,80,1
2021,April,17,60.6,764,31,9555,4,74,0
2022,February,15,200.3,789,20,10390,2,73,1
2013,May,17,458.6,16,31,9555,5,72,1
2020,July,16,595.4,508,29,12270,7,88,0
2014,December,11,219.9,562,23,10311,12,89,1
2011,May,17,515.9,694,30,9555,5,87,0
2015,April,11,29.1,470,32,10311,4,84,0
2022,December,14,559.3,442,24,9426,12,78,1
2022,October,11,15.2,692,26,10311,10,86,0
2017,December,15,194.1,106,20,10390,12,83,1
2021,February,12,430.8,499,21,6184,2,84,0
2010,April,9,220.8,178,30,5466,4,70,0
2011,September,0,243.1,712,28,5769,9,72,0
2022,October,7,69.6,95,26,6685,10,85,1
2023,March,12,478.8,588,28,6184,3,80,1
2018,April,7,123.4,552,32,6685,4,81,0
2015,April,7,550.8,452,32,6685,4,79,0
2015,November,1,384.4,412,25,10051,11,85,1
2016,December,4,99.7,132,24,11265,12,77,1
2018,September,17,312.4,101,27,9555,9,75,0
2013,March,5,522.0,89,27,13322,3,81,0
2014,February,10,432.8,534,20,11949,2,77,1
2018,September,6,160.3,175,27,7433,9,73,1
2020,October,14,398.3,236,29,9426,10,77,1
2017,March,7,213.6,286,27,6685,3,87,1
2015,May,8,306.0,640,33,11420,5,74,1
2010,October,17,156.6,800,28,9555,10,78,0
2010,March,15,319.9,50,26,10390,3,73,1
2022,July,12,266.0,764,32,6184,7,86,0
2012,September,7,75.1,402,30,6685,9,78,1
2015,May,12,578.8,4,32,6184,5,70,0
2023,December,17,111.7,438,21,9555,12,89,1
2011,July,12,295.9,76,29,6184,7,82,1
2020,December,17,164.0,143,22,9555,12,85,0
2016,April,0,468.5,755,30,5769,4,82,0
2022,May,4,260.0,194,34,11265,5,83,1
2010,September,5,115.5,244,31,13322,9,72,1
2012,January,3,203.5,286,19,10734,1,75,1
2016,July,6,240.4,655,31,7433,7,87,1
2022,October,4,455.5,30,26,11265,10,88,1
2012,July,0,370.5,660,31,5769,7,74,0
2015,May,1,160.2,192,33,10051,5,84,0
2017,September,1,355.8,112,31,10051,9,71,1
2015,April,5,20.4,34,28,13322,4,79,0
2016,August,7,562.7,113,28,6685,8,87,0
2015,July,13,248.4,408,30,5860,7,82,0
2021,October,1,482.0,693,29,10051,10,74,1
2011,June,3,34.6,40,32,10734,6,70,0
2011,September,8,50.7,752,27,11420,9,70,1
2013,December,9,193.5,756,23,5466,12,87,0
2022,August,12,230.4,336,28,6184,8,84,1
2018,November,14,511.5,543,23,9426,11,86,0
2016,July,17,455.5,331,28,9555,7,80,1
2023,June,19,379.8,321,33,10191,6,86,1
2023,July,4,103.4,667,29,11265,7,82,0
2017,May,8,145.7,254,33,11420,5,70,1
2011,November,13,549.8,392,27,5860,11,71,1
2012,January,0,426.5,746,22,5769,1,78,1
2018,August,6,445.9,168,32,7433,8,72,1
2020,September,4,150.3,165,31,11265,9,70,1
2017,April,13,319.0,141,32,5860,4,85,1
2011,April,13,131.1,281,30,5860,4,75,1
2020,December,17,367.3,344,23,9555,12,86,1
2015,January,12,63.8,786,22,6184,1,74,0
2019,March,17,244.8,106,27,9555,3,74,0
2011,May,3,502.8,332,32,10734,5,75,1
2011,April,11,130.9,752,30,10311,4,72,1
2017,February,2,113.0,71,23,10578,2,74,0
2013,April,11,466.8,11,28,10311,4,74,0
2017,October,10,52.7,218,26,11949,10,79,0
2011,November,9,288.9,184,23,5466,11,79,1
2016,July,10,33.7,699,28,11949,7,88,0
2010,December,14,386.6,650,20,9426,12,86,1
2020,August,10,576.1,516,32,11949,8,83,1
2020,January,10,428.7,569,20,11949,1,78,0
2014,August,8,573.4,688,28,11420,8,83,1
2023,July,12,195.0,233,30,6184,7,70,1
2020,November,12,452.4,122,26,6184,11,88,1
2016,February,10,321.1,256,21,11949,2,82,1
2018,December,19,60.7,181,23,10191,12,82,0
2020,September,2,41.6,797,30,10578,9,73,0
2010,December,6,375.4,705,24,7433,12,70,1
2017,May,12,222.3,350,31,6184,5,86,1
2010,September,9,154.4,401,30,5466,9,77,0
2023,March,12,309.9,571,27,6184,3,71,1
2018,March,1,416.4,395,25,10051,3,77,0
2023,March,5,442.7,505,25,13322,3,76,1
2013,July,19,524.9,404,31,10191,7,71,1
2011,June,11,550.0,101,30,10311,6,72,0
2015,November,18,598.2,775,26,8385,11,87,0
2023,February,0,458.1,651,23,5769,2,81,0
2016,July,19,568.7,9,32,10191,7,70,0
2022,May,0,226.6,500,30,5769,5,81,1
2011,October,12,107.4,159,28,6184,10,74,0
2022,July,5,219.9,528,30,13322,7,86,1
2022,September,18,395.0,3,27,8385,9,85,0
2011,January,5,568.4,472,18,13322,1,84,0
2020,February,18,243.8,736,20,8385,2,84,1
2011,August,2,324.9,710,32,10578,8,74,0
2017,July,0,556.5,189,31,5769,7,83,0
2015,September,2,401.3,760,31,10578,9,71,0
2023,December,16,296.8,470,23,12270,12,80,0
2016,June,2,289.0,649,33,10578,6,88,1
2015,May,11,98.1,402,34,10311,5,76,1
2019,October,12,475.0,85,27,6184,10,75,0
2013,January,18,549.5,272,22,8385,1,71,0
2014,May,11,292.2,24,31,10311,5,75,0
2011,March,12,191.6,482,26,6184,3,87,1
2013,December,18,488.9,596,24,8385,12,71,1
2023,June,3,235.5,700,29,10734,6,87,1
2019,September,13,91.1,582,28,5860,9,84,1
2020,November,13,353.0,248,24,5860,11,88,0
2015,March,2,584.3,541,25,10578,3,71,0
2016,December,18,431.3,523,22,8385,12,89,0
2015,November,3,354.5,17,27,10734,11,75,1
2020,May,18,210.4,567,34,8385,5,70,0
2012,February,19,433.0,686,20,10191,2,84,1
2022,November,17,244.9,703,23,9555,11,79,1
2019,November,4,159.9,472,24,11265,11,88,0
2021,October,18,530.4,675,25,8385,10,86,0
2023,July,0,85.0,748,30,5769,7,74,0
2020,August,19,504.0,58,32,10191,8,73,1
2020,October,1,537.2,6,26,10051,10,79,1
2023,December,13,46.8,399,20,5860,12,86,0
2015,June,4,367.6,540,31,11265,6,79,0
2017,August,2,571.8,781,30,10578,8,86,1
2010,July,16,136.4,625,28,12270,7,89,0
2010,March,17,132.6,450,28,9555,3,74,1
2021,June,4,479.7,358,29,11265,6,71,1
2011,February,5,486.0,375,21,13322,2,75,0
2011,November,10,15.0,257,23,11949,11,71,0
2016,June,9,171.9,458,31,5466,6,82,0
2010,December,7,485.0,678,20,6685,12,80,0
2022,June,7,496.6,457,33,6685,6,80,1
2022,April,9,64.1,497,31,5466,4,85,1
2014,June,18,314.4,46,29,8385,6,80,1
2020,July,3,186.4,592,32,10734,7,88,0
2013,April,17,191.7,629,32,9555,4,84,1
2010,May,7,86.2,397,32,6685,5,85,0
2010,November,13,486.1,67,27,5860,11,80,0
2022,February,1,273.1,687,24,10051,2,85,0
2022,April,9,68.5,364,32,5466,4,77,0
2013,June,14,270.4,794,33,9426,6,73,0
2022,August,17,339.4,466,29,9555,8,77,0
2019,November,12,123.5,725,24,6184,11,73,1
2021,April,18,166.7,107,30,8385,4,72,0
2011,March,17,395.5,703,24,9555,3,72,1
2016,January,10,294.5,97,22,11949,1,87,1
2022,August,4,243.8,547,28,11265,8,88,0
2019,September,11,242.6,717,27,10311,9,88,0
2021,May,11,590.8,32,32,10311,5,74,0
2016,October,17,559.1,721,29,9555,10,87,1
2015,March,10,321.4,250,28,11949,3,79,0
2022,April,8,273.3,637,31,11420,4,75,1
2011,May,19,545.9,705,30,10191,5,70,0
2020,March,1,328.0,419,24,10051,3,74,0
2020,October,7,416.2,546,26,6685,10,78,1
2011,September,0,441.3,502,30,5769,9,81,1
2012,July,1,357.8,363,29,10051,7,83,0
2017,June,18,573.6,729,30,8385,6,71,1
2021,December,19,375.7,599,21,10191,12,86,1
2020,April,2,386.5,317,30,10578,4,83,1
2013,May,3,334.4,538,32,10734,5,82,1
2016,April,17,552.7,358,29,9555,4,78,1
2015,June,0,94.7,379,32,5769,6,84,0
2022,November,13,107.8,775,23,5860,11,84,0
2022,February,11,27.5,330,23,10311,2,80,1
2014,May,2,122.1,180,34,10578,5,85,0
2022,November,13,271.4,531,25,5860,11,86,0
2023,January,12,226.8,723,18,6184,1,73,1
2015,September,6,55.5,56,27,7433,9,70,0
2019,March,0,522.4,404,28,5769,3,77,1
2023,February,14,161.3,575,24,9426,2,86,1
2014,November,5,225.0,289,24,13322,11,72,0
2019,November,5,84.4,580,25,13322,11,89,1
2015,January,17,443.8,408,20,9555,1,84,1
2014,November,14,401.9,281,26,9426,11,84,1
2012,November,19,400.7,794,24,10191,11,83,1
2011,February,15,325.1,213,21,10390,2,83,1
2016,January,11,267.2,363,19,10311,1,71,0
2013,July,14,595.7,504,29,9426,7,82,0
2022,August,10,305.3,651,30,11949,8,83,1
2014,October,12,395.1,507,27,6184,10,88,1
2013,January,1,87.6,426,19,10051,1,76,0
2014,February,11,136.9,166,23,10311,2,72,1
2020,April,17,594.3,56,28,9555,4,84,0
2011,April,12,135.0,681,28,6184,4,83,1
2021,June,4,39.2,278,32,11265,6,80,1
2019,January,4,471.0,633,19,11265,1,84,1
2011,October,2,424.6,663,27,10578,10,82,1
2015,July,5,559.9,16,28,13322,7,87,1
2022,August,9,263.2,548,32,5466,8,75,1
2011,January,10,529.9,288,22,11949,1,72,1
2013,December,5,384.7,722,23,13322,12,88,0
2017,October,16,548.0,39,26,12270,10,84,0
2011,November,0,141.3,113,23,5769,11,74,0
2022,May,17,138.2,687,31,9555,5,79,1
2019,March,8,382.4,72,24,11420,3,76,1
2018,September,5,347.6,308,30,13322,9,86,1
2011,December,8,539.6,220,23,11420,12,76,1
2014,June,10,375.9,197,33,11949,6,81,1
2023,February,12,130.8,364,21,6184,2,86,1
2011,February,4,408.0,334,24,11265,2,82,1
2012,June,15,256.0,643,30,10390,6,89,0
2018,February,6,404.8,727,24,7433,2,73,1
2019,November,12,17.3,684,25,6184,11,79,0
2010,December,13,563.6,191,22,5860,12,72,0
2017,March,13,391.3,663,26,5860,3,78,1
2022,October,4,405.1,370,27,11265,10,82,1
2013,June,4,98.8,104,29,11265,6,87,0
2021,November,2,143.9,687,25,10578,11,84,0
2023,October,6,288.0,704,28,7433,10,73,1
2013,February,12,278.1,117,23,6184,2,84,1
2012,March,10,432.9,282,24,11949,3,71,0
2022,May,4,373.6,430,32,11265,5,84,1
2012,February,7,503.0,651,22,6685,2,77,1
2018,February,9,483.0,100,22,5466,2,77,1
2021,April,15,507.2,21,32,10390,4,86,0
2023,December,2,120.0,774,21,10578,12,81,0
2017,December,18,177.8,711,24,8385,12,88,0
2016,February,8,427.4,178,21,11420,2,79,1
2020,February,10,187.4,284,22,11949,2,78,1
2016,April,19,129.3,102,30,10191,4,74,0
2011,January,8,31.7,413,22,11420,1,75,0
2023,May,6,142.2,467,34,7433,5,89,0
2022,December,15,41.2,679,21,10390,12,71,1
2014,February,18,448.3,680,23,8385,2,82,0
2015,March,19,176.2,641,25,10191,3,75,0
2012,May,2,434.2,177,34,10578,5,74,1
2018,January,1,363.0,57,22,10051,1,70,1
2022,July,5,533.4,35,28,13322,7,75,1
2012,March,9,180.5,677,28,5466,3,75,0
2012,November,11,362.1,201,23,10311,11,85,1
2012,June,7,378.7,572,32,6685,6,73,1
2015,October,17,492.9,647,26,9555,10,80,0
2010,June,11,587.3,418,30,10311,6,78,1
2013,January,4,572.3,382,18,11265,1,72,0
2021,August,3,93.7,110,29,10734,8,88,0
2019,June,12,279.4,357,33,6184,6,77,1
2017,September,1,538.4,410,29,10051,9,74,1
2018,June,10,570.3,506,29,11949,6,73,1
2014,June,4,83.6,250,30,11265,6,75,1
2021,October,11,510.9,693,25,10311,10,71,1
2020,December,5,40.4,526,20,13322,12,89,1
2013,April,7,100.0,333,30,6685,4,80,0
2012,July,1,66.1,16,32,10051,7,73,0
2017,January,15,108.4,579,18,10390,1,84,1
2012,January,10,175.1,355,19,11949,1,75,0
2012,May,15,163.4,214,33,10390,5,86,1
2011,April,13,530.7,558,28,5860,4,75,0
2012,February,13,290.3,218,20,5860,2,88,0
2023,April,6,449.4,437,30,7433,4,71,0
2011,June,19,406.0,380,33,10191,6,84,1
2023,December,7,85.5,346,23,6685,12,80,0
2016,July,13,295.4,253,29,5860,7,77,1
2021,August,5,196.0,583,31,13322,8,88,0
2020,November,3,361.1,574,24,10734,11,82,0
2013,August,12,461.4,442,32,6184,8,81,0
2011,October,11,118.7,338,26,10311,10,74,0
2010,October,16,172.2,139,27,12270,10,75,0
2012,July,3,531.1,548,30,10734,7,73,1
2020,November,19,588.9,462,25,10191,11,88,1
2018,March,4,517.4,656,26,11265,3,89,0
2012,December,17,326.5,690,23,9555,12,70,0
2021,November,4,130.9,767,27,11265,11,89,0
2016,February,6,539.0,368,21,7433,2,86,0
2016,May,14,541.0,334,31,9426,5,81,1
2013,March,2,369.6,165,26,10578,3,84,0
2015,March,7,353.1,593,26,6685,3,70,1
2017,April,15,513.6,465,28,10390,4,83,0
2019,May,9,501.4,516,34,5466,5,75,1
2010,October,15,280.1,162,28,10390,10,74,0
2014,August,12,161.9,239,29,6184,8,80,0
2017,October,19,172.4,509,25,10191,10,73,1
2012,January,4,465.7,344,18,11265,1,82,0
2014,October,13,99.0,368,26,5860,10,80,0
2015,November,0,155.6,553,26,5769,11,72,0
2019,November,7,231.9,137,23,6685,11,70,1
2017,October,12,420.4,248,25,6184,10,75,0
2023,February,17,287.2,347,24,9555,2,87,0
2019,December,1,406.5,529,23,10051,12,79,1
2015,May,16,235.6,587,30,12270,5,74,1
2010,January,5,447.2,503,21,13322,1,79,1
2010,May,17,458.1,510,31,9555,5,81,0
2017,June,18,464.2,101,31,8385,6,71,0
2017,December,0,214.3,327,20,5769,12,82,0
2014,January,16,583.5,725,22,12270,1,77,1
2011,March,3,378.9,19,25,10734,3,71,0
2013,July,6,304.8,26,31,7433,7,89,0
2023,May,6,213.3,413,31,7433,5,70,1
2014,October,2,580.1,570,25,10578,10,74,1
2016,December,3,136.9,575,23,10734,12,78,1
2022,March,4,269.1,14,26,11265,3,86,1
2011,June,6,25.9,109,30,7433,6,78,1
2021,April,4,356.2,36,28,11265,4,80,0
2021,June,9,68.2,533,33,5466,6,84,1
2012,February,7,54.0,59,23,6685,2,75,0
2021,May,2,209.9,457,31,10578,5,72,0
2017,April,19,350.1,637,29,10191,4,86,1
2015,August,17,139.1,608,30,9555,8,74,1
2017,January,9,430.6,240,20,5466,1,81,1
2012,July,1,581.0,693,32,10051,7,87,0
2016,December,12,206.9,475,24,6184,12,83,1
2018,December,4,453.0,69,20,11265,12,80,1
2017,October,6,534.7,694,25,7433,10,78,1
2013,July,19,234.1,662,32,10191,7,71,1
2011,September,4,234.2,733,31,11265,9,81,1
2012,June,3,500.9,429,32,10734,6,72,0
2023,November,1,453.4,156,25,10051,11,72,0
2020,August,9,408.6,221,28,5466,8,70,0
2010,August,11,75.5,47,30,10311,8,77,1
2011,March,12,30.9,375,26,6184,3,77,1
2022,September,5,379.3,522,31,13322,9,80,1
2017,June,2,558.6,285,32,10578,6,78,0
2010,December,1,227.5,474,21,10051,12,74,1
2021,June,3,537.5,283,32,10734,6,83,1
2022,July,5,444.2,256,31,13322,7,72,1
2014,May,18,509.4,99,32,8385,5,74,0
2020,November,2,367.1,66,26,10578,11,74,1
2017,April,9,178.9,153,28,5466,4,88,0
2013,May,4,296.6,97,32,11265,5,83,1
2018,October,17,227.9,530,25,9555,10,73,0
2010,September,2,117.3,381,28,10578,9,82,0
2023,December,14,42.2,158,22,9426,12,79,0
2020,December,7,331.1,772,21,6685,12,87,1
2013,August,4,325.5,415,30,11265,8,77,1
2016,January,0,514.1,790,22,5769,1,77,0
2012,June,10,280.6,114,32,11949,6,76,0
2021,February,1,395.0,321,24,10051,2,77,1
2017,October,2,450.4,622,26,10578,10,83,1
2021,February,11,349.2,113,23,10311,2,88,0
2013,January,2,280.3,61,20,10578,1,75,1
2016,October,16,357.2,408,28,12270,10,70,1
2013,March,0,160.1,656,24,5769,3,84,1
2014,May,0,244.5,753,33,5769,5,70,1
2010,August,18,388.6,263,28,8385,8,86,0
2018,August,15,26.9,538,31,10390,8,70,1
2023,October,18,589.5,650,25,8385,10,84,1
2022,January,14,355.0,377,19,9426,1,71,0
2020,October,19,539.3,508,29,10191,10,83,0
2012,January,5,373.5,377,20,13322,1,77,1
2015,June,14,190.2,572,32,9426,6,77,1
2014,May,11,258.7,614,34,10311,5,88,1
2013,August,2,198.8,416,30,10578,8,76,1
2020,May,3,597.8,220,32,10734,5,88,0
2020,July,5,309.2,799,28,13322,7,75,0
2022,September,11,590.2,189,28,10311,9,75,0
2018,March,8,507.2,141,25,11420,3,72,1
2022,February,16,31.8,434,24,12270,2,76,1
2015,March,18,249.7,776,25,8385,3,88,1
2023,February,8,391.7,646,23,11420,2,77,1
2018,January,4,337.2,39,19,11265,1,79,0
2023,February,15,159.3,566,24,10390,2,89,0
2022,July,4,492.5,267,29,11265,7,84,1
2019,January,2,216.6,415,21,10578,1,84,0
2012,January,6,20.3,197,18,7433,1,70,1
2012,April,1,298.0,29,32,10051,4,89,1
2021,April,4,161.3,496,28,11265,4,76,0
2021,October,12,133.3,85,25,6184,10,73,1
2015,March,0,115.0,258,24,5769,3,75,1
2015,March,14,118.4,449,26,9426,3,70,0
2013,May,1,282.4,768,32,10051,5,74,1
2012,March,4,201.5,135,24,11265,3,70,1
2015,September,0,135.5,755,31,5769,9,73,0
2021,August,15,118.8,164,31,10390,8,71,1
2014,February,7,103.5,138,23,6685,2,79,0
2020,July,16,304.2,266,29,12270,7,74,1
2018,October,16,373.6,364,29,12270,10,79,0
2022,September,14,451.6,167,29,9426,9,70,0
2021,February,7,279.5,239,20,6685,2,75,0
2016,December,11,101.7,399,21,10311,12,82,1
2020,June,17,363.2,295,32,9555,6,84,0
2019,December,16,70.1,736,22,12270,12,73,0
2020,October,4,56.3,41,27,11265,10,82,0
2011,July,8,145.4,105,28,11420,7,89,0
2022,November,8,167.4,617,26,11420,11,84,0
2011,July,13,160.0,328,32,5860,7,77,1
2020,January,4,503.4,582,20,11265,1,74,1
2016,January,8,365.7,723,18,11420,1,84,1
2014,November,8,436.6,546,27,11420,11,73,1
2018,December,14,479.0,7,23,9426,12,81,1
2020,September,11,468.0,79,29,10311,9,82,1
2011,April,4,576.2,525,32,11265,4,71,1
2022,December,4,595.5,627,24,11265,12,88,0
2015,June,17,269.2,531,33,9555,6,88,1
2015,October,18,412.9,379,27,8385,10,73,0
2016,February,10,578.0,386,22,11949,2,73,0
2012,August,6,491.2,33,29,7433,8,80,1
2017,January,8,157.9,687,21,11420,1,74,0
2019,September,0,142.7,211,27,5769,9,89,0
2022,April,5,399.9,675,32,13322,4,80,0
2019,September,3,384.8,586,28,10734,9,79,0
2022,April,10,586.7,413,28,11949,4,77,1
2010,July,0,457.5,480,29,5769,7,75,1
2017,July,14,521.8,123,30,9426,7,75,1
2014,July,5,228.5,51,32,13322,7,77,1
2019,June,9,552.4,78,29,5466,6,84,1
2018,July,6,104.4,700,28,7433,7,83,1
2017,March,9,296.3,167,24,5466,3,80,1
2022,May,12,477.1,608,30,6184,5,81,1
2019,January,7,83.5,581,18,6685,1,82,1
2017,September,12,98.9,639,28,6184,9,77,1
2017,December,19,119.5,457,24,10191,12,87,0
2015,February,3,411.6,453,22,10734,2,70,1
2013,June,14,68.6,447,31,9426,6,84,0
2021,September,15,102.8,712,29,10390,9,77,0
2022,October,3,211.3,82,27,10734,10,80,0
2022,May,1,181.0,587,31,10051,5,81,0
2017,November,8,37.5,163,26,11420,11,81,1
2023,February,4,411.9,761,24,11265,2,73,0
2022,December,6,85.2,458,20,7433,12,85,1
2018,October,8,335.8,304,28,11420,10,73,1
2013,June,1,482.0,62,31,10051,6,74,0
2010,February,13,355.9,417,23,5860,2,74,1
2012,January,3,67.2,124,22,10734,1,77,0
2019,June,3,208.2,131,29,10734,6,79,0
2013,October,14,93.0,12,25,9426,10,86,1
2019,May,6,578.2,77,34,7433,5,78,1
2023,June,6,69.1,56,33,7433,6,88,0
2016,July,7,58.1,426,30,6685,7,83,1
2010,April,14,193.4,43,28,9426,4,77,1
2022,February,18,490.3,344,23,8385,2,78,1
2013,November,14,197.3,722,24,9426,11,80,0
2020,April,6,181.0,445,29,7433,4,70,0
2014,October,14,299.3,266,29,9426,10,83,1
2021,August,7,476.7,148,30,6685,8,74,1
2022,June,19,464.2,223,30,10191,6,83,1
2021,April,2,408.4,785,28,10578,4,73,1
2015,October,15,127.7,506,29,10390,10,70,1
2012,May,6,503.3,180,33,7433,5,88,0
2016,May,12,281.1,468,34,6184,5,77,1
2016,February,6,557.7,657,23,7433,2,84,0
2022,June,0,571.8,718,33,5769,6,84,1
2014,January,16,51.7,19,22,12270,1,78,0
2019,January,14,432.7,758,22,9426,1,78,1
2019,September,0,237.8,617,30,5769,9,79,0
2022,July,17,259.3,271,31,9555,7,89,1
2012,January,4,176.4,135,22,11265,1,78,0
2015,February,4,558.4,360,21,11265,2,72,0
2021,September,13,372.5,193,29,5860,9,89,0
2015,March,4,372.9,745,26,11265,3,80,0
2014,July,14,373.4,383,30,9426,7,75,0
2023,October,11,163.4,273,28,10311,10,71,0
2016,August,3,405.4,259,31,10734,8,76,1
2020,June,0,548.9,336,30,5769,6,87,0
2012,October,19,29.0,488,27,10191,10,71,1
2012,July,2,512.0,228,30,10578,7,86,1
2014,June,14,406.6,512,33,9426,6,80,1
2021,April,2,401.1,487,31,10578,4,81,1
2014,June,0,95.4,139,31,5769,6,88,1
2010,May,4,268.4,258,31,11265,5,76,0
2020,February,10,465.2,538,21,11949,2,89,0
2013,November,0,471.8,351,25,5769,11,75,0
2012,March,4,143.9,56,27,11265,3,70,1
2021,October,8,34.5,498,26,11420,10,86,0
2018,November,11,303.1,138,27,10311,11,80,0
2021,December,14,467.4,586,21,9426,12,87,0
2023,October,12,95.8,783,25,6184,10,86,0
2022,November,11,413.9,395,23,10311,11,76,0
2021,October,15,566.9,478,28,10390,10,86,1
2014,April,4,264.8,303,30,11265,4,89,0
2014,December,14,574.9,285,23,9426,12,78,1
2016,March,10,581.0,148,27,11949,3,86,1
2014,January,0,376.7,175,21,5769,1,89,1
2012,July,19,12.9,217,31,10191,7,77,1
2012,August,6,356.5,731,32,7433,8,86,1
2017,February,2,25.1,96,24,10578,2,76,0
2012,March,16,60.7,152,25,12270,3,70,0
2012,September,12,448.1,345,27,6184,9,82,0
2014,December,9,120.9,221,23,5466,12,88,1
2020,June,18,380.3,373,30,8385,6,88,0
2010,June,12,552.7,230,29,6184,6,86,0
2023,November,14,464.1,56,25,9426,11,82,1
2021,April,18,309.6,252,32,8385,4,85,1
2019,July,13,51.1,554,28,5860,7,77,1
2012,February,10,154.0,586,22,11949,2,88,1
2023,April,7,505.6,57,28,6685,4,87,0
2017,March,19,402.0,548,28,10191,3,70,1
2017,April,0,193.1,401,32,5769,4,83,1
2019,December,10,290.6,762,21,11949,12,88,0
2019,August,3,22.6,311,31,10734,8,84,0
2021,February,19,241.9,233,20,10191,2,87,1
2015,September,10,572.0,778,27,11949,9,71,0
2011,May,14,201.8,242,32,9426,5,86,1
2017,March,9,550.1,650,28,5466,3,87,1
2010,February,17,541.6,442,20,9555,2,75,0
2010,June,16,272.8,76,33,12270,6,88,0
2017,February,3,132.7,288,20,10734,2,73,1
2017,March,14,516.6,106,25,9426,3,70,1
2023,April,10,498.5,310,31,11949,4,77,1
2015,September,4,341.2,136,27,11265,9,76,0
2012,April,16,538.5,117,32,12270,4,72,1
2010,October,16,89.8,147,26,12270,10,79,1
2010,March,17,87.9,327,24,9555,3,79,1
2016,May,13,463.0,133,32,5860,5,88,1
2020,January,8,440.0,693,21,11420,1,83,1
2014,May,13,436.5,548,30,5860,5,71,0
2017,August,8,466.5,701,29,11420,8,70,1
2014,January,18,264.1,109,20,8385,1,87,1
2017,November,0,429.1,159,24,5769,11,76,1
2010,February,16,569.7,447,21,12270,2,77,1
2013,January,6,226.5,254,20,7433,1,70,0
2013,December,5,33.3,541,21,13322,12,72,0
2019,February,10,397.8,730,22,11949,2,77,0
2010,March,1,127.9,431,24,10051,3,84,1
2022,November,1,362.2,508,25,10051,11,74,1
2019,February,8,396.0,739,22,11420,2,72,0
2019,September,0,178.0,315,30,5769,9,88,0
2018,August,4,92.5,695,30,11265,8,70,0
2022,July,6,197.4,590,30,7433,7,84,1
2018,June,7,181.6,558,29,6685,6,77,1
2016,September,4,355.3,789,30,11265,9,71,0
2014,May,12,46.8,403,34,6184,5,72,0
2018,December,7,570.6,203,20,6685,12,83,0
2023,August,8,542.5,651,28,11420,8,83,1
2013,January,17,107.7,44,22,9555,1,80,1
2018,March,6,11.1,17,26,7433,3,85,1
2013,February,14,533.9,761,21,9426,2,73,0
2012,July,19,238.1,602,31,10191,7,89,0
2019,January,1,283.6,123,19,10051,1,74,1
2015,November,6,135.3,341,27,7433,11,83,0
2019,January,17,223.9,233,18,9555,1,85,1
2012,September,16,560.3,251,27,12270,9,87,0
2015,February,18,435.8,682,23,8385,2,76,0
2013,June,15,583.0,428,29,10390,6,79,0
2021,November,5,463.6,233,23,13322,11,76,0
2016,December,19,548.2,111,23,10191,12,70,1
2011,October,9,545.7,158,28,5466,10,88,0
2014,June,1,490.8,136,33,10051,6,85,1
2017,June,12,57.2,676,29,6184,6,88,1
2022,August,5,551.4,206,28,13322,8,73,1
2015,May,15,264.6,359,34,10390,5,87,0
2014,October,6,214.2,609,27,7433,10,71,1
2022,April,11,191.9,216,30,10311,4,70,1
2023,December,16,295.0,512,22,12270,12,84,1
2021,March,6,317.0,788,28,7433,3,74,0
2014,November,2,376.6,9,23,10578,11,89,0
2017,September,15,367.1,150,31,10390,9,80,1
2016,July,9,448.2,587,32,5466,7,79,0
2017,April,18,320.7,511,30,8385,4,71,1
2023,August,1,260.6,718,29,10051,8,72,1
2015,February,14,317.4,368,20,9426,2,81,0
2021,February,18,210.0,365,22,8385,2,89,1
2022,June,7,553.3,782,30,6685,6,74,0
2023,April,13,526.7,449,29,5860,4,74,0
2019,June,5,579.0,547,32,13322,6,75,1
2010,June,14,245.6,338,29,9426,6,78,0
2021,November,15,155.8,100,24,10390,11,71,0
2017,July,13,510.9,746,30,5860,7,81,1
2018,December,1,188.2,516,23,10051,12,72,1
2019,December,12,208.2,127,20,6184,12,89,0
2012,August,18,139.1,732,32,8385,8,81,0
2010,April,18,287.0,47,30,8385,4,86,1
2023,March,16,343.9,70,25,12270,3,79,0
2012,July,8,359.6,502,29,11420,7,83,0
2014,April,5,76.3,629,30,13322,4,86,0
2015,May,11,305.0,618,31,10311,5,87,0
2011,May,1,348.7,131,33,10051,5,88,0
2012,March,2,203.7,96,24,10578,3,86,0
2022,August,12,145.3,514,31,6184,8,83,0
2010,December,0,582.4,418,21,5769,12,78,1
2015,May,16,336.8,32,34,12270,5,77,1
2017,March,2,98.5,58,24,10578,3,71,1
2018,October,7,479.8,405,25,6685,10,82,1
2018,September,6,289.9,102,29,7433,9,76,1
2017,September,11,41.0,109,29,10311,9,78,0
2014,July,7,279.3,294,32,6685,7,80,0
2013,July,14,432.8,490,28,9426,7,83,0
2020,March,13,273.6,629,28,5860,3,73,0
2023,July,10,129.4,633,30,11949,7,82,1
2020,July,10,89.4,678,30,11949,7,71,0
2023,May,7,188.2,383,30,6685,5,74,0
2020,June,6,236.9,205,32,7433,6,80,1
2018,July,19,144.4,701,29,10191,7,75,0
2022,December,12,441.3,315,22,6184,12,87,0
2020,October,12,439.2,570,27,6184,10,79,1
2018,April,2,300.3,340,31,10578,4,73,0
2015,March,10,81.5,387,27,11949,3,78,0
2015,February,6,330.7,650,24,7433,2,75,0
2014,August,4,314.0,613,32,11265,8,71,0
2012,February,12,414.6,29,21,6184,2,86,0
2012,November,10,324.2,274,24,11949,11,74,1
2015,November,5,287.3,216,23,13322,11,75,1
2016,June,5,85.3,65,33,13322,6,81,1
2015,November,0,424.1,339,25,5769,11,79,1
2015,September,6,318.0,393,31,7433,9,75,1
2014,June,6,587.9,177,31,7433,6,77,1
2011,May,13,187.6,336,33,5860,5,71,0
2017,November,7,111.3,740,27,6685,11,81,1
2012,June,17,131.2,285,32,9555,6,82,1
2020,March,8,528.7,91,25,11420,3,76,0
2015,October,16,166.6,311,26,12270,10,79,0
2010,July,5,372.3,146,28,13322,7,82,1
2017,March,15,244.4,663,28,10390,3,86,0
2023,October,6,66.1,148,28,7433,10,83,1
2020,December,13,112.9,385,22,5860,12,71,0
2020,December,19,548.4,541,21,10191,12,80,1
2014,January,13,388.2,487,19,5860,1,70,0
2011,February,13,296.1,41,22,5860,2,88,0
2021,October,10,597.3,404,28,11949,10,73,1
2020,January,10,480.7,224,21,11949,1,88,1
2018,November,13,448.6,476,27,5860,11,80,1
2019,February,3,501.4,250,24,10734,2,77,1
2010,September,5,374.0,783,27,13322,9,80,1
2023,September,4,204.2,358,28,11265,9,73,0
2014,August,2,52.3,406,32,10578,8,86,1
2015,December,13,361.5,224,23,5860,12,76,1
2014,June,12,115.5,552,31,6184,6,77,0
2021,October,12,461.3,285,28,6184,10,72,0
2012,January,9,326.0,164,19,5466,1,71,1
2012,May,9,113.2,294,33,5466,5,84,0
2014,September,12,405.8,390,27,6184,9,74,0
2018,August,15,472.5,564,29,10390,8,70,1
2017,June,14,303.5,304,31,9426,6,73,0
2022,October,5,264.1,236,25,13322,10,84,0
2011,August,9,402.0,471,29,5466,8,89,1
2014,October,19,38.2,387,27,10191,10,88,1
2012,December,8,348.3,611,20,11420,12,72,0
2012,July,18,536.8,546,28,8385,7,89,0
2017,May,3,82.0,651,31,10734,5,80,1
2010,May,12,587.5,728,34,6184,5,86,0
2015,April,13,178.8,643,28,5860,4,82,0
2010,March,6,303.1,333,24,7433,3,80,0
2012,July,12,256.1,48,30,6184,7,71,1
2015,August,19,465.9,276,31,10191,8,78,0
2012,August,11,544.0,186,29,10311,8,71,0
2023,March,6,458.2,567,25,7433,3,78,1
2011,July,8,492.4,8,32,11420,7,78,0
2013,December,10,566.4,452,24,11949,12,77,0
2013,June,12,481.2,124,30,6184,6,86,1
2012,May,10,555.3,463,34,11949,5,70,1
2016,September,18,573.3,241,29,8385,9,80,1
2011,February,8,472.3,322,21,11420,2,77,1
2010,April,18,444.1,312,32,8385,4,79,0
2020,July,11,479.2,735,29,10311,7,76,0
2013,January,19,328.2,565,21,10191,1,72,1
2018,April,1,51.4,162,28,10051,4,72,1
2019,February,2,39.2,525,21,10578,2,87,0
2021,December,19,437.5,413,20,10191,12,74,1
2019,July,14,58.6,354,32,9426,7,81,0
2011,April,15,336.0,470,28,10390,4,81,1
2013,November,19,396.2,112,24,10191,11,88,0
2019,July,19,475.7,760,31,10191,7,75,1
2020,May,15,109.4,538,34,10390,5,71,1
2013,May,1,273.0,719,31,10051,5,81,0
2017,June,19,504.8,441,33,10191,6,88,1
2019,October,15,156.0,596,27,10390,10,74,0
2020,November,15,378.0,608,23,10390,11,81,0
2012,November,6,592.0,274,25,7433,11,86,0
2010,April,9,100.9,482,29,5466,4,86,0
2010,December,10,389.4,687,23,11949,12,79,0
2013,January,17,189.1,334,22,9555,1,86,1
2010,May,6,130.2,187,30,7433,5,84,1
2017,November,18,333.6,132,27,8385,11,81,0
2011,April,0,123.1,6,29,5769,4,85,1
2012,June,16,482.0,687,33,12270,6,88,0
2021,April,11,145.4,380,28,10311,4,77,1
2018,November,7,511.9,740,24,6685,11,86,1
2017,March,8,479.1,373,28,11420,3,74,1
2015,April,1,164.6,294,31,10051,4,85,1
2020,May,19,84.9,274,31,10191,5,75,0
2017,December,5,207.9,484,21,13322,12,77,0
2015,October,16,389.1,107,28,12270,10,87,1
2013,May,7,397.7,268,32,6685,5,81,1
2019,January,18,222.3,160,18,8385,1,84,0
2010,March,3,70.7,3,26,10734,3,78,1
2020,June,19,254.1,392,33,10191,6,82,0
2013,March,9,527.3,471,27,5466,3,84,0
2015,May,14,173.7,412,32,9426,5,79,0
2015,December,2,121.1,662,21,10578,12,85,1
2017,September,19,271.2,398,31,10191,9,76,0
2013,October,15,585.5,119,29,10390,10,86,1
2013,June,14,12.1,630,31,9426,6,76,0
2020,May,18,313.1,567,32,8385,5,83,1
2019,June,16,145.5,385,32,12270,6,84,1
2017,April,10,79.0,64,28,11949,4,76,1
2011,August,5,185.9,352,30,13322,8,78,0
2018,January,8,272.9,41,20,11420,1,88,0
2015,March,4,460.6,782,25,11265,3,85,1
2017,July,17,323.8,180,32,9555,7,77,1
2018,November,16,506.5,285,23,12270,11,87,1
2014,November,8,121.2,749,24,11420,11,87,0
2015,January,17,223.3,668,21,9555,1,89,0
2023,September,19,596.2,748,30,10191,9,76,0
2010,December,1,237.3,751,22,10051,12,72,0
2015,September,9,274.3,385,29,5466,9,87,1
2019,January,19,106.2,766,21,10191,1,79,1
2021,September,15,250.3,516,29,10390,9,76,0
2012,December,17,216.4,232,20,9555,12,86,0
2019,June,14,436.1,22,31,9426,6,83,1
2021,February,6,12.9,121,24,7433,2,72,0
2015,September,18,128.6,744,29,8385,9,81,0
2012,August,6,132.6,420,29,7433,8,82,0
2022,October,19,432.2,23,25,10191,10,71,0
2023,September,16,200.2,219,28,12270,9,72,0
2013,December,0,216.8,24,21,5769,12,74,0
2011,July,8,124.8,493,32,11420,7,80,1
2020,February,14,193.9,670,20,9426,2,77,0
2022,December,3,46.0,168,20,10734,12,81,0
2014,May,2,513.8,398,30,10578,5,76,1
2018,July,10,24.7,692,28,11949,7,84,1
2020,January,4,304.4,456,18,11265,1,86,1
2023,October,11,562.1,203,29,10311,10,73,0
2016,August,16,88.7,61,30,12270,8,82,1
2017,April,3,280.0,608,29,10734,4,87,0
2012,May,19,425.5,81,30,10191,5,70,0
2014,June,4,588.0,4,31,11265,6,85,0
2018,August,5,499.0,619,30,13322,8,82,1
2020,December,18,197.0,271,21,8385,12,79,1
2018,December,0,163.5,736,24,5769,12,81,1
2015,March,18,389.4,785,27,8385,3,71,1
2018,December,16,102.3,24,23,12270,12,72,1
2023,July,3,384.6,237,30,10734,7,79,0
2023,October,4,480.6,756,26,11265,10,71,0
2011,July,14,363.1,501,31,9426,7,82,0
2020,November,2,529.5,57,25,10578,11,82,0
2011,October,19,271.5,189,29,10191,10,87,1
2023,May,2,183.8,432,33,10578,5,72,1
2016,January,0,345.6,603,20,5769,1,76,0
2017,June,19,323.1,633,31,10191,6,83,1
2014,May,9,259.9,786,30,5466,5,89,1
2011,August,6,279.5,19,32,7433,8,86,0
2018,July,16,533.1,290,28,12270,7,81,0
2010,July,10,222.0,784,29,11949,7,85,1
2015,December,13,411.9,86,20,5860,12,81,1
2019,March,15,596.9,227,24,10390,3,84,0
2019,March,14,452.7,461,27,9426,3,79,0
2022,September,2,397.2,114,29,10578,9,76,0
2016,March,16,69.8,488,28,12270,3,89,1
2020,July,4,14.8,396,28,11265,7,74,0
2019,August,10,74.9,302,32,11949,8,70,0
2022,February,18,95.7,588,20,8385,2,86,1
2013,September,0,31.7,47,28,5769,9,72,1
2020,January,2,113.2,391,18,10578,1,82,1
2021,April,3,216.2,763,31,10734,4,83,1
2011,December,11,451.4,529,22,10311,12,87,1
2021,October,8,594.6,711,26,11420,10,73,0
2020,May,15,405.2,755,30,10390,5,87,0
2019,June,10,444.8,7,33,11949,6,74,1
2010,May,8,434.5,42,31,11420,5,85,1
2018,October,16,232.3,480,26,12270,10,70,1
2017,June,10,39.3,367,29,11949,6,83,1
2017,April,8,247.5,584,29,11420,4,84,1
2022,January,13,283.9,11,22,5860,1,78,0
2022,September,15,591.9,516,28,10390,9,84,0
2021,April,7,372.3,480,32,6685,4,86,0
2021,December,11,71.5,437,20,10311,12,73,0
2016,November,3,341.2,457,25,10734,11,81,1
2013,January,12,18.1,169,19,6184,1,74,0
2020,August,11,261.4,48,30,10311,8,74,1
2011,October,7,171.6,158,29,6685,10,80,1
2023,January,17,85.5,595,19,9555,1,75,1
2021,January,6,375.2,610,21,7433,1,76,0
2012,December,10,559.4,165,22,11949,12,83,1
2016,April,7,111.6,676,29,6685,4,80,0
2022,April,14,197.5,294,30,9426,4,82,0
2015,July,19,285.7,386,29,10191,7,71,1
2010,March,10,176.0,179,24,11949,3,76,1
2013,June,19,321.5,392,31,10191,6,89,1
2014,October,5,490.4,280,28,13322,10,73,0
2023,February,9,433.4,239,23,5466,2,77,1
2020,January,12,350.7,756,22,6184,1,89,0
2012,July,9,178.3,290,29,5466,7,88,1
2021,March,3,70.8,639,26,10734,3,82,1
2018,May,12,398.2,333,34,6184,5,83,0
2012,June,8,334.3,432,31,11420,6,79,0
2010,March,8,294.9,61,25,11420,3,80,0
2023,January,16,535.0,467,21,12270,1,71,0
2020,October,5,165.1,535,25,13322,10,78,0
2022,August,9,386.9,519,31,5466,8,86,0
2020,September,17,25.4,383,31,9555,9,72,1
2010,June,4,465.2,640,29,11265,6,75,1
2012,July,7,338.5,384,32,6685,7,74,0
2015,September,0,432.0,238,28,5769,9,74,1
2017,April,7,130.6,148,28,6685,4,84,0
2012,April,11,193.3,336,32,10311,4,86,1
2011,July,11,259.3,784,29,10311,7,78,1
2015,July,2,575.8,362,31,10578,7,72,0
2014,January,14,190.6,400,19,9426,1,89,0
2018,October,4,128.1,690,27,11265,10,86,0
2014,July,12,560.7,786,29,6184,7,79,1
2018,June,3,305.0,45,30,10734,6,72,0
2015,June,3,401.4,796,31,10734,6,87,1
2014,January,7,552.5,3,22,6685,1,87,0
2022,December,7,143.8,342,24,6685,12,86,1
2022,November,19,580.8,725,24,10191,11,72,1
2018,September,15,100.5,214,29,10390,9,72,0
2015,September,15,220.0,771,29,10390,9,75,1
2020,June,19,382.8,55,32,10191,6,82,1
2015,September,4,312.3,65,31,11265,9,84,0
2016,January,3,540.1,760,18,10734,1,78,1
2011,February,3,182.5,520,24,10734,2,73,0
2017,March,17,433.2,117,28,9555,3,83,0
2013,April,19,578.7,550,31,10191,4,74,0
2019,November,2,329.5,137,23,10578,11,71,0
2018,August,15,584.4,288,31,10390,8,80,1
2012,April,4,266.9,114,28,11265,4,78,1
2017,January,13,459.6,681,19,5860,1,72,1
2020,September,14,102.2,200,27,9426,9,78,0
2018,February,19,51.9,675,23,10191,2,72,1
2017,March,5,90.3,272,28,13322,3,71,1
2021,March,10,505.8,147,24,11949,3,81,0
2011,February,4,136.1,345,20,11265,2,79,0
2021,April,13,88.7,613,30,5860,4,78,1
2015,August,9,181.3,404,32,5466,8,84,0
2021,July,10,113.3,650,29,11949,7,77,0
2013,September,17,268.5,123,30,9555,9,74,0
2010,February,1,469.8,66,21,10051,2,80,0
2013,September,10,366.4,51,31,11949,9,71,1
2019,October,19,135.2,631,25,10191,10,84,0
2012,September,13,317.4,772,27,5860,9,75,0
2022,August,9,401.6,123,32,5466,8,77,0
2022,April,7,323.5,196,28,6685,4,74,0
2023,March,2,560.3,189,24,10578,3,85,0
2020,March,15,83.7,275,24,10390,3,87,0
2014,November,19,362.9,414,26,10191,11,75,0
2019,January,19,504.3,532,21,10191,1,74,0
2014,May,10,386.1,353,32,11949,5,85,1
2020,April,3,138.6,266,29,10734,4,82,0
2011,August,9,505.4,87,32,5466,8,74,1
2020,September,2,565.2,728,31,10578,9,82,0
2022,July,4,58.5,401,32,11265,7,86,0
2015,March,9,510.2,686,26,5466,3,87,0
2015,May,16,169.4,711,33,12270,5,77,0
2022,March,3,280.2,665,26,10734,3,82,1
2015,December,16,341.0,440,24,12270,12,88,0
2021,April,16,312.3,30,29,12270,4,72,0
2022,July,13,330.1,416,28,5860,7,77,1
2015,September,19,431.6,461,30,10191,9,71,1
2018,December,8,421.7,132,23,11420,12,77,0
2017,March,12,121.8,276,26,6184,3,82,1
2016,June,12,31.4,372,32,6184,6,82,1
2017,December,15,29.4,376,24,10390,12,70,1
2010,July,16,431.8,782,32,12270,7,75,0
2023,January,17,573.7,79,20,9555,1,88,0
2014,March,3,564.3,531,28,10734,3,85,0
2020,January,3,346.3,407,19,10734,1,77,1
2011,November,1,398.8,474,25,10051,11,70,0
2015,August,1,388.3,705,29,10051,8,85,1
2019,November,0,357.2,159,23,5769,11,78,0
2023,November,19,132.5,752,24,10191,11,82,0
2013,January,5,577.7,678,18,13322,1,80,1
2023,December,1,37.9,623,20,10051,12,82,0
2019,May,9,227.9,632,31,5466,5,79,1
2021,June,6,402.7,80,31,7433,6,73,1
2012,December,9,75.5,141,24,5466,12,75,0
2013,March,9,164.2,36,28,5466,3,76,1
2016,March,18,587.6,579,24,8385,3,74,0
2021,January,19,288.7,214,18,10191,1,80,0
2015,August,7,85.8,763,30,6685,8,82,1
2011,May,19,125.4,485,33,10191,5,88,0
2018,July,4,345.0,521,29,11265,7,79,1
2019,February,1,593.2,721,20,10051,2,79,0
2017,September,6,206.8,461,31,7433,9,80,0
2015,April,12,57.2,767,30,6184,4,76,0
2018,July,7,479.2,454,29,6685,7,87,0
2016,August,2,382.3,613,30,10578,8,73,0
2018,December,2,179.9,227,21,10578,12,71,1
2018,April,14,291.6,417,29,9426,4,83,1
2015,October,9,347.5,82,25,5466,10,82,1
2016,February,8,499.0,32,22,11420,2,81,1
2022,October,7,288.7,173,27,6685,10,76,1
2020,September,2,387.2,686,31,10578,9,71,1
2021,November,3,570.7,644,27,10734,11,82,0
2019,June,9,533.8,703,29,5466,6,83,0
2013,March,17,511.0,398,24,9555,3,86,1
2014,April,15,446.8,88,31,10390,4,78,1
2015,October,19,367.6,126,29,10191,10,86,0
2023,September,15,482.3,615,28,10390,9,77,0
2019,May,10,260.5,597,32,11949,5,71,0
2011,July,4,43.1,265,28,11265,7,82,1
2012,May,5,58.6,684,32,13322,5,72,1
2020,May,9,144.5,574,32,5466,5,85,1
2018,February,14,26.6,0,23,9426,2,75,0
2023,April,0,52.3,771,32,5769,4,88,0
2020,March,7,446.7,150,24,6685,3,76,1
2018,July,8,137.6,175,30,11420,7,79,1
2011,November,5,433.4,118,23,13322,11,78,0
2021,January,11,229.7,663,19,10311,1,71,0
2022,February,14,477.5,260,23,9426,2,84,0
2021,February,18,109.9,611,21,8385,2,74,0
2016,September,15,281.8,242,27,10390,9,73,1
2017,February,18,336.8,264,20,8385,2,89,0
2016,October,3,454.6,794,29,10734,10,73,0
2012,September,8,195.5,265,29,11420,9,87,0
2018,January,8,486.7,742,20,11420,1,73,1
2020,June,8,259.2,63,30,11420,6,86,1
2021,February,12,51.3,329,23,6184,2,81,0
2022,March,6,147.1,676,26,7433,3,86,0
2012,April,3,104.7,561,32,10734,4,79,0
2010,July,2,528.9,717,29,10578,7,70,1
2013,April,8,416.8,624,29,11420,4,87,1
2022,February,8,166.2,437,24,11420,2,87,1
2018,April,8,101.8,182,31,11420,4,83,0
2015,January,4,345.9,252,22,11265,1,84,1
2016,June,4,258.7,176,32,11265,6,81,0
2012,December,11,221.3,45,24,10311,12,73,0
2022,December,6,485.7,11,24,7433,12,72,0
2016,December,2,157.8,516,20,10578,12,89,1
2017,February,9,174.6,267,21,5466,2,81,0
2018,September,0,551.7,763,31,5769,9,76,1
2013,September,3,45.8,107,31,10734,9,80,1
2010,April,15,426.2,682,30,10390,4,70,0
2019,December,7,382.8,432,21,6685,12,75,0
2020,October,14,206.7,575,27,9426,10,84,1
2013,August,14,195.1,260,29,9426,8,84,0
2013,April,12,447.0,498,30,6184,4,88,1
2014,June,15,288.9,322,33,10390,6,80,0
2014,June,19,484.6,29,33,10191,6,71,1
2022,April,11,590.0,409,28,10311,4,83,1
2011,January,16,136.9,301,20,12270,1,71,1
2021,February,8,92.9,716,23,11420,2,73,1
2023,August,5,273.3,794,28,13322,8,86,0
2014,July,5,452.4,448,30,13322,7,72,0
2023,January,15,564.9,287,20,10390,1,82,1
2019,August,8,52.6,149,28,11420,8,78,1
2017,July,0,573.8,427,32,5769,7,76,0
2021,September,9,22.4,213,29,5466,9,84,0
2010,November,15,85.7,209,27,10390,11,80,0
2012,January,10,397.0,626,18,11949,1,89,0
2011,December,15,374.6,129,24,10390,12,71,0
2021,November,8,512.7,773,24,11420,11,84,0
2022,September,1,424.6,622,30,10051,9,83,1
2016,October,5,477.7,744,27,13322,10,89,0
2021,January,8,222.9,156,21,11420,1,80,0
2012,May,9,76.2,401,34,5466,5,72,1
2018,April,3,110.5,395,30,10734,4,86,0
2010,February,17,279.9,332,24,9555,2,81,0
2015,May,1,73.7,239,31,10051,5,84,0
2020,April,9,404.0,81,28,5466,4,85,0
2022,June,12,128.2,600,31,6184,6,74,0
2021,September,14,414.3,223,28,9426,9,89,1
2010,November,15,564.4,237,24,10390,11,75,0
2010,September,16,369.4,588,29,12270,9,88,1
2022,July,18,49.4,590,32,8385,7,74,1
2013,January,17,235.5,324,19,9555,1,72,0
2017,August,3,68.6,363,31,10734,8,70,1
2023,March,16,498.4,665,25,12270,3,75,0
2012,May,17,110.0,655,34,9555,5,84,1
2015,September,1,551.3,432,31,10051,9,71,1
2020,October,11,540.4,662,28,10311,10,72,0
2014,March,0,575.7,348,25,5769,3,86,0
2020,May,4,326.8,787,34,11265,5,81,0
2012,December,9,560.5,404,22,5466,12,87,0
2021,August,13,287.2,23,28,5860,8,84,0
2016,April,12,378.6,400,28,6184,4,81,1
2016,December,17,201.6,744,20,9555,12,85,1
2018,May,5,368.8,256,31,13322,5,77,1
2021,October,17,226.3,2,28,9555,10,83,1
2014,January,18,222.2,756,22,8385,1,86,1
2013,May,6,117.9,0,32,7433,5,77,1
2016,January,3,391.1,206,20,10734,1,84,1
2017,December,5,489.2,530,21,13322,12,83,0
2021,May,15,12.9,691,30,10390,5,87,0
2023,September,10,578.4,577,28,11949,9,89,1
2012,January,12,573.0,126,21,6184,1,76,1
2021,November,11,579.5,202,26,10311,11,72,0
2023,May,16,325.9,276,34,12270,5,81,0
2017,March,3,431.8,478,28,10734,3,72,0
2010,May,11,506.8,676,33,10311,5,89,0
2013,November,13,531.1,170,26,5860,11,83,1
2014,May,16,264.7,712,33,12270,5,84,0
2014,September,7,42.9,30,28,6685,9,83,1
2019,July,13,259.4,98,31,5860,7,76,1
2017,July,4,285.1,350,30,11265,7,86,1
2017,October,8,587.8,89,25,11420,10,81,0
2014,February,18,180.7,287,23,8385,2,89,0
2014,January,8,51.3,558,18,11420,1,73,1
2010,May,2,189.7,380,31,10578,5,78,1
2011,June,18,208.8,217,29,8385,6,75,1
2018,May,10,520.0,630,31,11949,5,85,0
2015,April,15,249.3,535,30,10390,4,71,1
2022,October,7,515.0,667,26,6685,10,77,0
2017,November,1,353.6,573,24,10051,11,80,1
2013,August,15,115.3,190,32,10390,8,82,1
2023,October,7,167.2,211,28,6685,10,86,1
2013,October,19,365.4,490,28,10191,10,77,0
2011,June,5,544.5,449,31,13322,6,87,0
2020,May,10,457.5,732,32,11949,5,87,1
2010,December,13,253.0,495,23,5860,12,83,0
2015,December,2,258.6,339,24,10578,12,84,1
2013,December,15,477.6,375,23,10390,12,75,0
2019,April,5,513.4,662,32,13322,4,80,0
2022,September,0,175.4,593,29,5769,9,82,0
2012,March,18,276.5,244,24,8385,3,70,1
2014,June,17,541.2,652,31,9555,6,75,0
2013,August,18,137.9,341,30,8385,8,78,0
2010,July,13,547.2,520,29,5860,7,77,1
2018,November,18,407.5,670,24,8385,11,80,1
2013,July,9,343.4,393,29,5466,7,88,1
2018,June,0,299.1,180,30,5769,6,78,1
2016,March,14,518.0,706,28,9426,3,86,0
2012,November,17,10.3,459,26,9555,11,81,0
2017,July,2,323.7,680,28,10578,7,83,0
2019,June,16,572.6,305,31,12270,6,84,0
2023,June,13,528.4,664,33,5860,6,85,0
2022,January,5,399.2,206,18,13322,1,89,1
2018,February,2,486.1,217,24,10578,2,70,0
2018,June,10,173.2,224,33,11949,6,79,0
2020,July,11,566.9,261,30,10311,7,77,0
2022,July,7,264.6,165,31,6685,7,87,1
2023,April,11,282.0,92,29,10311,4,70,1
2021,March,18,398.4,203,27,8385,3,71,0
2012,October,11,14.3,219,27,10311,10,70,1
2019,November,16,405.5,342,25,12270,11,70,1
2010,August,0,350.8,321,30,5769,8,78,1
2019,October,18,346.1,632,25,8385,10,82,1
2021,December,1,501.9,710,23,10051,12,70,1
2022,June,6,474.5,39,32,7433,6,82,1
2013,April,3,39.5,480,32,10734,4,89,1
2022,July,19,388.3,729,32,10191,7,76,0
2015,December,3,270.9,258,24,10734,12,71,0
2018,January,2,395.5,710,20,10578,1,75,1
2020,November,1,380.4,585,26,10051,11,76,0
2022,March,1,13.7,100,26,10051,3,83,0
2019,December,5,361.9,32,20,13322,12,87,1
2011,March,4,237.3,703,28,11265,3,84,0
2018,December,7,185.4,645,22,6685,12,71,1
2019,March,6,90.7,580,26,7433,3,79,1
2020,July,10,169.6,130,28,11949,7,81,1
2022,October,14,556.3,148,26,9426,10,86,0
2014,January,14,532.6,153,21,9426,1,77,0
2011,February,11,401.7,755,21,10311,2,80,0
2020,June,19,446.5,326,33,10191,6,72,0
2021,April,15,430.6,573,30,10390,4,75,1
2013,October,0,252.9,458,25,5769,10,78,1
2021,January,19,507.3,419,18,10191,1,75,0
2013,September,2,103.9,555,30,10578,9,78,1
2021,May,16,568.5,745,31,12270,5,76,1
2019,June,15,290.0,703,32,10390,6,78,0
2010,March,5,137.9,546,26,13322,3,87,1
2022,December,16,68.2,647,23,12270,12,81,0
2017,May,9,273.6,47,30,5466,5,77,1
2018,December,1,390.7,672,20,10051,12,77,0
2018,November,3,574.3,279,27,10734,11,87,1
2020,March,11,101.9,696,28,10311,3,89,1
2010,November,5,443.3,768,25,13322,11,84,0
2010,August,13,153.4,562,29,5860,8,76,0
2019,November,17,412.2,564,26,9555,11,80,0
2014,November,12,520.2,746,25,6184,11,89,0
2018,March,10,224.2,517,28,11949,3,85,1
2015,January,9,516.9,2,21,5466,1,73,1
2017,December,1,37.4,515,24,10051,12,75,0
2015,March,6,559.8,176,27,7433,3,72,1
2012,May,12,325.7,317,31,6184,5,78,0
2017,August,11,490.1,293,30,10311,8,79,0
2010,December,13,43.9,179,23,5860,12,83,1
2015,October,9,316.4,424,25,5466,10,80,1
2017,December,18,93.8,134,20,8385,12,87,0
2020,January,6,475.7,290,21,7433,1,81,0
2020,January,4,513.8,613,21,11265,1,81,0
2022,November,15,134.4,129,26,10390,11,82,1
2023,April,0,578.5,106,28,5769,4,82,1
2014,June,5,478.7,149,29,13322,6,88,1
2015,March,12,390.1,445,27,6184,3,88,1
2023,May,12,530.8,782,34,6184,5,83,0
2016,June,14,252.3,254,33,9426,6,73,0
2010,June,0,330.6,516,30,5769,6,82,0
2018,July,6,75.7,17,30,7433,7,77,0
2023,January,2,497.8,141,22,10578,1,88,0
2014,February,2,544.1,16,20,10578,2,81,0
2011,March,11,418.9,117,28,10311,3,87,1
2011,January,11,475.2,190,19,10311,1,75,1
2014,April,10,366.7,606,29,11949,4,87,0
2019,June,14,387.5,477,31,9426,6,88,0
2017,February,16,409.9,88,24,12270,2,74,1
2016,June,17,265.0,724,29,9555,6,78,1
2012,May,6,332.3,638,30,7433,5,72,1
2011,August,12,164.8,791,31,6184,8,79,1
2013,May,16,491.8,555,30,12270,5,88,0
2020,September,19,247.3,460,29,10191,9,72,0
2015,August,5,220.7,715,30,13322,8,84,0
2015,January,11,47.0,209,18,10311,1,70,0
2017,December,14,424.5,117,20,9426,12,76,0
2013,April,7,103.2,124,31,6685,4,81,1
2017,December,9,430.4,673,20,5466,12,86,0
2018,January,2,494.3,311,21,10578,1,89,1
2019,October,1,594.7,637,28,10051,10,74,0
2011,November,1,149.9,612,23,10051,11,73,0
2019,June,12,250.8,21,30,6184,6,81,0
2012,July,11,384.7,44,29,10311,7,89,0
2015,August,7,527.5,429,31,6685,8,87,0
2014,October,0,151.5,477,25,5769,10,86,1
2016,September,8,222.2,777,28,11420,9,88,1
2022,May,18,78.8,486,30,8385,5,78,1
2022,January,8,258.4,712,18,11420,1,73,0
2013,August,16,95.0,648,28,12270,8,71,0
2016,April,8,599.9,276,32,11420,4,73,1
2014,November,5,220.5,626,23,13322,11,71,0
2015,March,4,66.3,308,28,11265,3,84,0
2016,February,12,454.7,683,23,6184,2,71,1
2012,October,6,424.1,155,26,7433,10,73,0
2012,June,3,289.3,362,30,10734,6,75,1
2017,April,14,153.0,704,29,9426,4,76,0
2014,August,9,12.8,231,29,5466,8,79,1
2014,November,9,470.3,680,24,5466,11,88,0
2010,October,14,106.1,205,26,9426,10,88,0
2022,February,19,530.6,759,21,10191,2,81,1
2023,April,11,303.2,494,31,10311,4,72,0
2016,March,7,276.6,590,24,6685,3,82,0
2020,September,2,35.5,775,29,10578,9,87,1
2014,July,3,121.1,591,32,10734,7,77,0
2023,February,19,64.4,727,22,10191,2,84,1
2013,May,13,454.6,425,32,5860,5,70,0
2022,September,17,268.1,455,27,9555,9,72,0
2021,August,1,510.6,305,28,10051,8,77,0
2011,October,11,319.4,792,25,10311,10,73,0
2019,September,9,486.3,577,28,5466,9,85,1
2011,January,4,578.8,149,21,11265,1,79,0
2017,December,11,172.9,235,21,10311,12,81,1
2022,July,3,197.9,703,31,10734,7,83,0
2020,March,2,255.9,205,27,10578,3,83,0
2011,December,9,312.2,204,22,5466,12,71,0
2017,June,13,162.2,672,31,5860,6,74,0
2017,August,9,204.4,175,31,5466,8,74,1
2017,April,3,322.5,530,31,10734,4,75,1
2013,March,6,282.3,414,25,7433,3,82,1
2015,June,16,15.6,676,30,12270,6,78,1
2015,January,6,297.6,272,20,7433,1,84,0
2013,May,0,240.3,346,30,5769,5,83,1
2021,September,9,98.2,129,30,5466,9,76,1
2011,January,18,376.5,456,19,8385,1,89,0
2014,November,12,490.0,482,25,6184,11,71,0
2012,October,18,149.1,48,26,8385,10,76,0
2018,October,3,578.9,653,28,10734,10,75,0
2017,August,4,163.0,586,31,11265,8,86,1
2010,April,18,430.6,121,32,8385,4,71,1
2020,June,3,546.6,523,29,10734,6,72,0
2012,September,4,453.3,774,31,11265,9,74,0
2010,February,8,68.9,209,22,11420,2,74,0
2014,November,7,501.8,650,24,6685,11,70,1
2016,February,10,74.6,707,22,11949,2,77,1
2021,January,12,301.0,512,21,6184,1,81,0
2015,November,5,339.0,457,27,13322,11,73,0
2019,March,2,371.9,204,28,10578,3,82,1
2014,January,19,421.8,408,22,10191,1,84,0
2020,December,9,290.1,485,22,5466,12,80,0
2017,October,14,430.9,515,28,9426,10,79,1
2014,May,15,185.0,525,31,10390,5,72,0
2015,November,2,464.3,770,24,10578,11,83,1
2016,March,14,199.2,375,26,9426,3,85,0
2023,November,1,373.6,684,27,10051,11,79,0
2013,February,1,580.3,148,20,10051,2,79,1
2019,February,19,156.1,643,22,10191,2,81,1
2022,November,3,290.5,427,25,10734,11,78,0
2010,November,10,497.7,672,26,11949,11,70,1
2017,November,14,504.8,790,24,9426,11,74,0
2020,January,2,549.1,673,20,10578,1,89,0
2023,October,17,394.6,582,27,9555,10,77,1
2011,November,1,247.3,53,27,10051,11,80,0
2023,May,7,247.4,579,34,6685,5,81,0
2018,June,6,325.7,578,29,7433,6,70,1
2023,May,4,532.6,539,33,11265,5,89,1
2015,August,13,379.8,134,28,5860,8,80,0
2021,December,2,42.3,547,24,10578,12,74,1
2010,December,5,422.2,659,21,13322,12,84,1
2019,November,12,57.4,316,27,6184,11,74,1
2018,October,6,156.9,307,28,7433,10,81,1
2013,December,13,309.3,485,24,5860,12,74,0
2020,April,4,525.7,304,31,11265,4,86,0
2021,November,8,230.0,212,26,11420,11,86,0
2016,November,3,90.7,103,26,10734,11,81,1
2012,July,12,304.9,358,31,6184,7,84,1
2021,November,3,248.2,126,26,10734,11,84,1
2018,October,19,593.2,309,26,10191,10,75,1
2021,April,4,331.3,253,28,11265,4,81,1
2014,July,17,139.6,709,30,9555,7,89,1
2022,November,13,112.8,397,23,5860,11,87,1
2022,November,3,561.5,99,26,10734,11,83,0
2019,June,16,277.0,649,30,12270,6,71,0
2016,October,16,195.6,7,29,12270,10,78,1
2017,December,17,21.0,793,21,9555,12,74,1
2015,January,17,109.3,627,21,9555,1,89,1
2016,August,14,42.4,682,29,9426,8,70,0
2013,February,14,59.3,641,21,9426,2,72,0
2013,August,5,449.8,562,31,13322,8,75,1
2012,January,14,491.4,573,19,9426,1,74,1
2022,November,6,477.4,146,25,7433,11,74,0
2021,September,10,197.4,580,29,11949,9,70,0
2015,March,18,186.8,268,25,8385,3,86,0
2023,March,15,212.9,297,28,10390,3,88,0
2012,March,14,427.8,787,27,9426,3,83,1
2012,August,18,548.2,114,30,8385,8,81,0
2018,February,9,26.2,471,24,5466,2,79,0
2017,January,1,280.1,103,19,10051,1,89,1
2011,September,5,18.9,441,31,13322,9,87,0
2017,January,15,385.5,575,18,10390,1,80,0
2013,June,9,239.4,408,31,5466,6,71,0
2011,May,6,550.3,687,31,7433,5,87,1
2010,February,4,131.6,535,23,11265,2,76,0
2011,May,0,17.8,257,31,5769,5,84,1
2018,March,5,574.9,401,27,13322,3,80,1
2022,May,7,437.0,12,31,6685,5,87,0
2011,May,7,495.8,30,34,6685,5,81,0
2010,March,9,14.1,36,28,5466,3,75,0
2022,December,13,402.5,491,24,5860,12,89,0
2021,October,9,255.3,30,25,5466,10,82,1
2014,July,17,148.2,442,31,9555,7,89,0
2020,October,10,137.3,412,29,11949,10,85,0
2020,April,11,480.9,479,28,10311,4,87,0
2011,April,5,255.8,789,31,13322,4,79,1
2020,May,12,219.4,601,31,6184,5,77,0
2017,January,3,354.6,347,18,10734,1,87,0
2012,November,17,129.6,601,25,9555,11,70,1
2014,February,3,301.1,776,20,10734,2,77,1
2015,March,18,42.0,379,24,8385,3,75,0
2017,November,15,84.2,632,26,10390,11,74,0
2021,March,9,245.2,784,25,5466,3,84,0
2018,April,13,167.1,500,30,5860,4,84,0
2015,November,19,496.0,473,27,10191,11,71,0
2018,October,4,490.1,129,29,11265,10,70,1
2015,August,17,296.7,590,28,9555,8,80,1
2010,October,15,436.5,706,28,10390,10,79,0
2022,September,6,286.8,78,30,7433,9,87,0
2014,August,14,521.5,478,32,9426,8,87,1
2017,February,8,110.8,275,22,11420,2,86,0
2021,February,18,256.6,274,21,8385,2,77,0
2018,April,11,315.1,590,30,10311,4,84,0
2022,December,10,119.3,639,21,11949,12,77,0
2019,May,12,340.5,58,34,6184,5,86,0
2023,April,10,232.7,137,29,11949,4,81,1
2015,March,0,553.2,434,27,5769,3,77,0
2019,April,7,42.0,564,28,6685,4,83,0
2011,June,1,292.1,93,29,10051,6,73,0
2021,July,8,484.5,359,32,11420,7,70,1
2014,December,0,483.4,559,23,5769,12,70,1
2019,March,14,548.5,246,26,9426,3,88,1
2015,February,4,318.7,264,23,11265,2,85,1
2023,July,9,404.7,360,28,5466,7,83,0
2014,March,12,519.6,479,24,6184,3,85,1
2014,January,2,572.1,74,21,10578,1,74,0
2010,September,8,214.0,764,30,11420,9,78,0
2011,May,6,325.9,293,30,7433,5,71,1
2020,April,12,73.2,704,30,6184,4,87,1
2018,January,3,90.8,164,22,10734,1,75,1
2010,February,8,559.2,526,24,11420,2,78,1
2014,July,9,469.3,790,31,5466,7,70,1
2010,March,16,247.7,582,28,12270,3,78,0
2011,September,5,498.6,406,27,13322,9,85,1
2013,October,2,98.2,592,25,10578,10,82,1
2017,August,19,296.5,656,31,10191,8,78,1
2019,August,12,264.3,337,31,6184,8,82,0
2021,March,14,578.7,243,27,9426,3,78,1
2021,May,9,219.5,713,32,5466,5,80,0
2013,May,4,543.2,378,34,11265,5,73,1
2022,April,5,355.7,781,31,13322,4,71,1
2019,May,13,51.2,724,31,5860,5,75,0
2015,April,16,372.2,72,29,12270,4,83,1
2013,August,16,379.1,30,28,12270,8,73,0
2023,October,8,595.9,697,29,11420,10,75,0
2023,January,17,97.9,15,21,9555,1,88,0
2021,April,12,343.9,205,29,6184,4,75,1
2014,May,18,256.1,394,34,8385,5,71,1
2020,July,10,403.7,348,28,11949,7,87,1
2016,January,10,33.8,408,20,11949,1,82,0
2013,November,15,135.2,94,27,10390,11,78,1
2023,July,3,421.8,633,32,10734,7,88,0
2016,June,13,40.6,624,31,5860,6,82,1
2014,July,13,86.2,770,32,5860,7,80,0
2018,July,10,437.2,162,28,11949,7,70,0
2013,August,1,571.0,431,28,10051,8,76,0
2010,November,9,18.9,107,25,5466,11,84,1
2013,May,16,228.3,330,33,12270,5,70,0
2018,June,5,563.8,679,30,13322,6,81,0
2022,December,9,447.5,412,23,5466,12,76,0
2010,January,6,442.3,667,22,7433,1,84,0
2016,June,0,187.7,756,30,5769,6,88,0
2014,June,13,296.7,234,31,5860,6,70,0
2018,April,18,250.3,496,30,8385,4,86,1
2016,March,9,501.8,596,25,5466,3,86,1
2018,July,11,301.4,10,28,10311,7,72,0
2018,February,4,73.4,193,21,11265,2,81,1
2019,September,2,424.0,277,31,10578,9,75,1
2015,March,7,133.2,681,24,6685,3,80,0
2015,August,6,541.9,110,30,7433,8,72,0
2014,August,5,198.9,253,29,13322,8,77,0
2023,June,19,449.2,418,32,10191,6,83,1
2020,October,13,26.4,89,28,5860,10,83,0
2023,October,13,58.8,587,29,5860,10,79,1
2010,November,18,305.6,44,26,8385,11,71,0
2023,July,9,489.3,4,29,5466,7,83,1
2014,October,1,160.6,81,26,10051,10,78,0
2014,September,8,360.8,573,30,11420,9,72,0
2019,August,0,68.0,77,29,5769,8,77,1
2013,August,0,185.9,643,32,5769,8,85,1
2016,August,0,227.2,417,28,5769,8,71,1
2011,July,2,574.7,302,32,10578,7,75,1
2021,May,15,152.3,731,34,10390,5,81,1
2021,May,7,324.1,530,31,6685,5,74,1
2022,June,18,215.5,49,29,8385,6,71,0
2014,January,6,520.3,20,19,7433,1,85,1
2012,June,2,224.8,372,31,10578,6,74,0
2021,April,6,505.6,407,29,7433,4,84,0
2014,November,5,329.3,717,24,13322,11,81,1
2023,May,14,241.8,405,31,9426,5,73,0
2013,July,0,562.0,625,28,5769,7,84,1
2013,March,5,255.6,92,25,13322,3,80,1
2012,February,9,337.0,513,20,5466,2,85,0
2022,February,9,307.3,205,23,5466,2,75,0
2016,November,15,174.5,116,25,10390,11,83,1
2021,June,19,285.6,521,29,10191,6,87,1
2016,September,15,569.7,338,30,10390,9,81,0
2016,January,14,27.0,132,18,9426,1,80,0
2019,February,3,88.7,569,20,10734,2,82,0
2017,March,6,131.5,279,26,7433,3,80,0
2020,November,5,478.5,386,27,13322,11,85,1
2023,March,10,161.2,713,28,11949,3,84,1
2023,March,0,384.6,29,24,5769,3,84,1
2022,February,13,438.7,146,21,5860,2,73,1
2016,February,18,329.1,194,23,8385,2,80,0
2012,November,8,339.1,581,24,11420,11,88,0
2017,December,10,223.8,553,21,11949,12,84,1
2011,January,17,574.5,760,18,9555,1,73,1
2016,January,16,357.9,628,18,12270,1,82,1
2010,July,10,513.0,695,28,11949,7,88,1
2019,October,9,535.3,684,25,5466,10,71,1
2016,March,9,63.1,584,28,5466,3,83,1
2017,February,3,299.7,796,20,10734,2,73,1
2023,April,4,597.6,653,32,11265,4,85,1
2020,January,2,519.5,421,22,10578,1,89,1
2020,June,12,534.2,660,29,6184,6,83,0
2022,January,13,456.9,300,20,5860,1,84,1
2010,August,7,292.0,386,31,6685,8,72,0
2022,May,5,84.6,279,31,13322,5,77,0
2014,April,2,366.6,268,32,10578,4,85,1
2013,October,1,243.2,566,28,10051,10,79,1
2012,August,14,322.9,223,30,9426,8,73,0
2020,December,3,18.2,308,21,10734,12,87,0
2011,December,13,399.5,338,21,5860,12,71,1
2010,January,9,359.4,555,22,5466,1,86,0
2019,July,15,409.7,664,28,10390,7,82,1
2018,July,4,543.5,568,30,11265,7,73,1
2017,August,6,587.6,661,32,7433,8,80,1
2023,July,4,203.5,180,30,11265,7,76,0
2013,March,0,147.9,616,24,5769,3,81,0
2020,June,3,248.0,490,29,10734,6,79,1
2012,January,9,148.0,85,22,5466,1,76,0
2012,October,8,462.4,491,25,11420,10,82,0
2016,April,13,527.2,555,31,5860,4,76,0
2016,March,8,160.6,63,25,11420,3,86,0
2012,June,3,181.7,620,33,10734,6,79,0
2020,July,12,588.2,284,30,6184,7,79,0
2019,June,11,373.6,378,32,10311,6,73,0
2014,January,8,571.0,483,22,11420,1,89,1
2014,December,2,163.0,671,20,10578,12,73,0
2020,November,11,359.1,630,23,10311,11,76,0
2012,May,3,157.1,786,30,10734,5,70,0
2017,March,3,18.6,514,24,10734,3,81,0
2020,May,1,576.7,712,32,10051,5,82,0
2022,September,19,204.7,648,30,10191,9,79,0
2022,April,2,428.3,670,29,10578,4,84,0
2015,November,6,578.5,432,25,7433,11,82,0
2023,August,2,487.7,542,30,10578,8,78,1
2019,November,0,563.5,360,24,5769,11,78,0
2010,August,0,288.5,731,29,5769,8,84,0
2020,March,9,148.2,187,24,5466,3,79,0
2021,August,3,180.4,42,30,10734,8,79,0
2017,June,19,84.5,410,33,10191,6,77,1
2013,December,13,277.6,188,21,5860,12,85,1
2010,February,10,320.3,775,21,11949,2,86,1
2017,November,2,445.7,545,26,10578,11,74,1
2010,March,17,337.7,235,28,9555,3,73,1
2017,September,5,248.2,347,31,13322,9,87,1
2020,July,12,419.2,242,29,6184,7,88,1
2010,June,17,20.9,342,29,9555,6,73,1
2022,September,8,541.5,676,30,11420,9,76,1
2014,September,12,434.7,746,31,6184,9,79,1
2012,May,2,106.4,135,31,10578,5,87,1
2016,August,13,239.5,366,32,5860,8,88,1
2013,April,0,543.0,326,31,5769,4,73,1
2020,December,5,328.3,33,23,13322,12,79,1
2015,August,15,419.5,588,30,10390,8,70,1
2020,May,7,164.2,313,31,6685,5,87,1
2022,June,1,126.4,655,32,10051,6,74,0
2018,June,2,594.5,307,31,10578,6,84,1
2023,August,7,516.4,749,30,6685,8,86,0
2012,December,16,84.5,405,24,12270,12,72,1
2022,May,0,394.8,474,34,5769,5,81,1
2014,February,4,597.0,292,22,11265,2,71,0
2018,June,5,272.8,688,33,13322,6,70,1
2014,June,0,258.5,689,32,5769,6,86,0
2016,January,16,436.4,778,18,12270,1,85,0
2012,June,8,557.4,60,32,11420,6,74,0
2014,January,18,463.1,93,20,8385,1,84,1
2022,November,8,57.5,185,25,11420,11,72,1
2022,February,4,245.5,283,23,11265,2,76,1
2012,July,2,350.4,800,32,10578,7,80,0
2022,April,16,490.6,571,32,12270,4,79,0
2016,November,0,375.5,79,25,5769,11,78,1
2015,November,10,22.2,593,24,11949,11,83,1
2011,March,3,374.4,747,28,10734,3,82,1
2022,September,15,484.9,109,30,10390,9,71,1
2013,August,2,497.5,215,32,10578,8,72,1
2018,September,2,404.4,632,30,10578,9,76,0
2019,February,19,189.5,230,22,10191,2,87,0
2021,December,0,208.8,763,24,5769,12,72,0
2014,July,18,58.5,392,31,8385,7,79,1
2020,October,13,505.0,47,27,5860,10,76,0
2023,February,3,380.2,170,21,10734,2,78,0
2015,August,14,185.2,536,31,9426,8,86,0
2010,November,3,454.2,253,24,10734,11,80,0
2021,April,12,124.6,106,29,6184,4,76,0
2010,November,17,323.6,175,23,9555,11,83,1
2013,November,4,428.8,235,27,11265,11,88,0
2012,March,5,320.7,572,27,13322,3,73,1
2022,January,19,92.2,507,19,10191,1,75,1
2019,November,4,584.0,421,23,11265,11,79,1
2010,February,3,213.8,35,22,10734,2,76,1
2011,October,14,238.1,782,28,9426,10,82,1
2018,November,7,72.2,373,24,6685,11,83,0
2017,March,10,499.4,222,28,11949,3,73,0
2021,February,17,536.5,182,20,9555,2,77,1
2011,November,16,336.9,314,24,12270,11,74,1
2022,June,13,181.2,112,33,5860,6,70,1
2014,February,17,142.4,401,21,9555,2,73,0
2020,June,0,443.7,297,32,5769,6,72,1
2015,June,19,548.9,489,32,10191,6,78,0
2014,December,8,426.1,130,23,11420,12,77,1
2020,May,1,183.5,776,30,10051,5,70,0
2015,October,7,11.8,769,28,6685,10,75,1
2010,September,8,124.8,473,31,11420,9,78,0
2015,December,4,224.5,445,21,11265,12,76,1
2023,December,17,455.6,592,22,9555,12,73,0
2023,February,10,95.8,745,24,11949,2,82,0
2022,September,7,294.6,449,31,6685,9,86,0
2010,June,19,399.4,383,32,10191,6,71,0
2017,October,17,551.1,675,25,9555,10,74,0
2013,October,13,143.4,527,26,5860,10,81,0
2019,May,3,169.5,306,30,10734,5,77,0
2023,November,5,553.9,198,24,13322,11,75,1
2018,May,6,304.3,760,31,7433,5,77,1
2011,October,9,72.4,359,25,5466,10,87,1
2010,April,6,128.2,198,32,7433,4,72,1
2014,February,1,523.5,472,21,10051,2,81,1
2018,June,16,48.9,549,29,12270,6,72,0
2019,February,7,511.4,523,21,6685,2,75,0
2011,February,16,423.8,765,22,12270,2,71,0
2012,August,1,379.6,714,32,10051,8,81,0
2020,December,15,256.8,740,23,10390,12,71,0
2021,January,16,74.7,50,19,12270,1,75,1
2023,July,19,341.3,745,30,10191,7,86,1
2023,June,11,498.0,386,32,10311,6,72,1
2023,June,13,23.2,636,32,5860,6,71,1
2018,March,14,382.6,697,25,9426,3,89,0
2010,November,3,528.0,112,23,10734,11,77,0
2011,October,11,582.8,281,26,10311,10,81,0
2020,March,19,316.0,13,26,10191,3,73,1
2011,February,17,128.3,536,23,9555,2,74,0
2022,September,11,466.4,787,28,10311,9,82,1
2020,March,11,467.3,56,24,10311,3,84,0
2021,February,14,235.4,519,21,9426,2,85,0
2010,November,7,231.2,778,27,6685,11,79,1
2012,March,0,188.2,242,24,5769,3,85,0
2022,August,10,10.5,392,30,11949,8,81,0
2013,December,9,374.4,702,23,5466,12,86,1
2022,July,18,215.4,182,29,8385,7,85,0
2017,October,2,418.5,203,25,10578,10,81,1
2011,April,11,427.7,401,32,10311,4,77,0
2021,January,3,115.9,547,18,10734,1,89,0
2023,April,7,551.6,739,32,6685,4,72,0
2015,January,0,173.8,44,20,5769,1,85,0
